"{'t_min': 1.2, 't_max': 3.2, 't_step': 0.0033333333333333335, 't_top': 4, 'N': 100, 'n_steps': 100000, 'n_burnin': 6000, 'n_analyze': 5000, 'B': 0.01, 'flip_perc': 0.1, 'dir_out': 'data', 'plots': False, 'print_inp': False, 'use_cpp': True, 'date_output': False, 'file_prefix': '', 'multiprocess': True, 'skip_prog_print': False, 'use_gaussian': False, 'B_top': 1}"
N,n_steps,n_analyze,flip_perc
100,100000,5000,0.1

Temp,E_mean,E_std,M_mean,M_std
1.2,-1.9981248394969369,0.003145541328020057,0.9969131014756761,0.0008416940351084569
1.2033333333333334,-1.9980630612082424,0.0032063380672456942,0.9969042597186163,0.0008612834878752287
1.2066666666666668,-1.997629895642367,0.00335467671590309,0.9967725127667135,0.0009171598920042262
1.2100000000000002,-1.9978985494316805,0.003126687200702968,0.9968567304097072,0.000847423519004738
1.2133333333333336,-1.9970298294878932,0.0034825377569952768,0.99661820238651,0.0009499316082167919
1.216666666666667,-1.9972036179601491,0.003351611530747652,0.996681415133296,0.0009071681986795753
1.2200000000000004,-1.9966565720151248,0.0032702598428020983,0.9965160615588694,0.0008728276885629665
1.2233333333333338,-1.9962815912896859,0.003571501208976703,0.9964174422819058,0.000950471819685609
1.2266666666666672,-1.9959738651354997,0.003473016088202513,0.9963309047913212,0.0009442572216080439
1.2300000000000006,-1.9958003841178087,0.003487901713133326,0.9962982984871167,0.0009340033989677254
1.233333333333334,-1.9948470858865606,0.0034339930812337894,0.9960195625584277,0.0009400907255422875
1.2366666666666675,-1.9949485893892416,0.003374689657256134,0.9960481681855208,0.0009200658634584097
1.2400000000000009,-1.9949750322703244,0.003722639267602619,0.9960756534622964,0.0010105339804256108
1.2433333333333343,-1.994585486478056,0.0038504719187017686,0.9959687519178412,0.0010365174043464225
1.2466666666666677,-1.9944721006302624,0.0037011071405395253,0.9959447477478627,0.0010000181960475992
1.250000000000001,-1.9938504487472812,0.0035425681319563736,0.9957678320408344,0.0009487305346684336
1.2533333333333345,-1.993948509154689,0.0036079661850069475,0.9958038396610215,0.0009757952848480941
1.256666666666668,-1.9937939580904767,0.0038686094640699056,0.9957597903858115,0.0010546689172869677
1.2600000000000013,-1.9931494288502705,0.004022392627975022,0.9955837153797031,0.0011059349239249808
1.2633333333333348,-1.993126435479204,0.003970319575440897,0.995580674493568,0.001074986153108038
1.2666666666666682,-1.993064169431596,0.0037081806156515867,0.9955712324692073,0.0010084643681057442
1.2700000000000016,-1.9924599743528495,0.003961988096913786,0.9954039194293441,0.0010756320781098547
1.273333333333335,-1.9917698386526748,0.0040732259887821635,0.9952118403078389,0.0011323985331009336
1.2766666666666684,-1.9916966098812872,0.0037785528424961693,0.9951784741189342,0.0010370000167662032
1.2800000000000018,-1.991687261550325,0.004117005949297591,0.9951958376113165,0.0011185248719795572
1.2833333333333352,-1.9914763444994754,0.0041302916564418335,0.9951403062566325,0.001132371047829315
1.2866666666666686,-1.9901017166896209,0.004281449988357644,0.9947447870750145,0.0011836022640605256
1.290000000000002,-1.9904876368406845,0.004238356299072494,0.9948571696355835,0.0011685915252332946
1.2933333333333354,-1.9895656532610768,0.0042561293590994,0.9945727929541482,0.0012055671264813357
1.2966666666666689,-1.9902261757187711,0.004074546776963538,0.9948042389225259,0.0011314482504124767
1.3000000000000023,-1.989655903754985,0.0043850948762963115,0.9946363256511318,0.0012298584074538475
1.3033333333333357,-1.9894340018983792,0.004064436721386954,0.9945702318263832,0.0011351323218869044
1.306666666666669,-1.9889144555500302,0.004435518583517664,0.9944178810308494,0.001238668913414867
1.3100000000000025,-1.9882350184245452,0.0042318117379392325,0.9942556495999403,0.001171291414652169
1.313333333333336,-1.987466390811579,0.004482498934079613,0.9940082794977536,0.0012602804785778552
1.3166666666666693,-1.9875740309814665,0.004425815679130116,0.9940580092780374,0.0012141582899593954
1.3200000000000027,-1.9876027081722878,0.004181651495422503,0.9940931363138206,0.001170299813703845
1.3233333333333361,-1.9871246638024276,0.004314123277749431,0.9939462665344004,0.0011890492378038983
1.3266666666666695,-1.9866355643746472,0.004345740233676195,0.9938300838707017,0.0011945299760155522
1.330000000000003,-1.9866519601470496,0.004121854630525928,0.9937973176033217,0.0011467137619055985
1.3333333333333364,-1.9853302169308755,0.004510303219096637,0.9934652898640222,0.0012545427676889191
1.3366666666666698,-1.985520863490096,0.004807609449562385,0.9934784131399225,0.0013600230033653205
1.3400000000000032,-1.984883106477405,0.004481836706474687,0.9933392655303369,0.0012508435551235285
1.3433333333333366,-1.9849441739935283,0.004924287366971577,0.993324742612421,0.0013915738792339382
1.34666666666667,-1.983726875999971,0.0049301479895905,0.9929632300566521,0.001394838452130145
1.3500000000000034,-1.9832433862527816,0.0046448889945971536,0.9928641704397932,0.0013039752331122673
1.3533333333333368,-1.9828716952411096,0.004566057009028618,0.9927825941684651,0.001278605823492236
1.3566666666666702,-1.9820289701241258,0.00496842369653971,0.9925349047003234,0.0014027873467339622
1.3600000000000037,-1.982473744705072,0.004962867258574359,0.992659449326942,0.0014130484613288764
1.363333333333337,-1.981171853591452,0.004771586077760854,0.9922962964213021,0.0013314058195895346
1.3666666666666705,-1.9808664840086625,0.005048194320741632,0.9922217619516869,0.0014294493592143759
1.3700000000000039,-1.980742895977572,0.005441720585916426,0.9921692714712147,0.0015322154180636592
1.3733333333333373,-1.9811591104546364,0.004948727835838187,0.992318381581647,0.0013726190480834188
1.3766666666666707,-1.9798700636829178,0.0051255572548398656,0.9919275834718259,0.0014575086254990832
1.3800000000000041,-1.9788583448396297,0.00515577292784382,0.99165592950257,0.0014736808965052288
1.3833333333333375,-1.9790255778263655,0.005128689819528894,0.9916957772882206,0.0014689130257333563
1.386666666666671,-1.978074622287777,0.005605736034293484,0.9914433271748039,0.0016258704735770259
1.3900000000000043,-1.9774101434600047,0.00527556366644527,0.9912408466075845,0.0015122882803299327
1.3933333333333378,-1.9774334221082728,0.005376516581794092,0.9912400064432136,0.001550657408756346
1.3966666666666712,-1.9766541210788087,0.0053591416862548095,0.9910214830694448,0.0015705744535625765
1.4000000000000046,-1.9763286294734914,0.005969664361647962,0.9909589103422872,0.0017140285061330934
1.403333333333338,-1.9756747638494832,0.005454197307593966,0.9907453082208276,0.0015728298079547276
1.4066666666666714,-1.9764709830117193,0.005708105441306799,0.99097531403177,0.0016607396409903314
1.4100000000000048,-1.9750444429782563,0.005482257567024819,0.9905898371656601,0.0015751072189846471
1.4133333333333382,-1.9745483709159053,0.005660856240470206,0.9904001597333704,0.0016255483642749632
1.4166666666666716,-1.9745426892423468,0.005672664510036605,0.9904401673629633,0.0016616871168826125
1.420000000000005,-1.9738550873178557,0.0058384157356535914,0.9902457686561803,0.001689886651182274
1.4233333333333384,-1.9720464559716449,0.005732590636930899,0.9897147037310943,0.0016716885223600918
1.4266666666666719,-1.9726063406546133,0.005773764065850205,0.9899080618306813,0.0017012910851568926
1.4300000000000053,-1.9716432687162662,0.005968258040152256,0.9896199645507715,0.001726519739498463
1.4333333333333387,-1.9715472433084869,0.006276465614722397,0.9895712348503407,0.0018178786473192687
1.436666666666672,-1.9696222354612676,0.0061491557286484245,0.9890608128415844,0.0017846161456545851
1.4400000000000055,-1.9697802433087173,0.006060190802225218,0.9890584527885802,0.0017919500217696465
1.443333333333339,-1.9696953345546964,0.005795620145925257,0.9890412495216863,0.0017473408425353221
1.4466666666666723,-1.9685287136963832,0.005879874267266194,0.9887303073398112,0.001706484788259634
1.4500000000000057,-1.9690901395868696,0.0056345882281194255,0.9888856985564708,0.0016363340243322698
1.4533333333333391,-1.9678371374453036,0.005645420629391544,0.9884983815415236,0.001657231207599467
1.4566666666666725,-1.9669469531761883,0.0066144692516467585,0.9882498914228722,0.001991378940950835
1.460000000000006,-1.9665729786830322,0.006544789154013686,0.9881797575144606,0.0019180331769436103
1.4633333333333394,-1.9662462836099783,0.006190097815606632,0.9880689354294847,0.001853927439940941
1.4666666666666728,-1.9664225196046672,0.006653295449630863,0.9880967409783875,0.0019907725403268137
1.4700000000000062,-1.9652984671698592,0.006801184966197125,0.9877860783862934,0.0020158835767961334
1.4733333333333396,-1.9632764664095004,0.0066885083793720695,0.9871944007479588,0.0019903348909796866
1.476666666666673,-1.9633130961166523,0.0068758667552206035,0.9872167649376891,0.002059440668089249
1.4800000000000064,-1.9630380707470076,0.006654490289156104,0.9872076033496647,0.0019312299666902593
1.4833333333333398,-1.9616178169229503,0.0067832214715591605,0.9867066630222101,0.002075769120047591
1.4866666666666732,-1.9612709657266918,0.006681510261612351,0.9865886391842692,0.0019852223767464357
1.4900000000000067,-1.9613237335672853,0.006402305601003027,0.986656252921498,0.0019162809363195428
1.49333333333334,-1.9593874659626977,0.006704881943819781,0.9860841383049788,0.0020521562941466544
1.4966666666666735,-1.9603388913513828,0.007057356474022569,0.9863837584063253,0.0021424137693988286
1.5000000000000069,-1.959973161543434,0.007364822814019076,0.986266014599328,0.0022780719479386633
1.5033333333333403,-1.9588345085103218,0.006872415639327483,0.9859833579989619,0.0020854746412135856
1.5066666666666737,-1.9569792396713672,0.006958226238663205,0.985381197359448,0.002092140657841143
1.5100000000000071,-1.957016944241395,0.007067786163336012,0.9854229255351192,0.0021190899583633733
1.5133333333333405,-1.9548768825496667,0.0072871142954391115,0.9847317073888411,0.0022865890750208466
1.516666666666674,-1.954958267869127,0.007449189965854141,0.9847243458753968,0.0022544877332700266
1.5200000000000073,-1.9550278267399697,0.007408339706773339,0.9848230457420372,0.0022188920578385595
1.5233333333333408,-1.953053278454687,0.007172493449588304,0.9841996406907915,0.0021837006915739216
1.5266666666666742,-1.95256699300046,0.00687599680381924,0.9840606126601182,0.0021253048543366285
1.5300000000000076,-1.951974569451549,0.00737429686549579,0.9838779360610358,0.002268377270911352
1.533333333333341,-1.9504888625258467,0.007526676177250193,0.9834808969073211,0.002345396295337812
1.5366666666666744,-1.949797593753179,0.0071047437929019274,0.9832399685303195,0.0021550240453307953
1.5400000000000078,-1.9475703030544462,0.007256606387872611,0.9825152633642764,0.0022566140337171095
1.5433333333333412,-1.9491021018143677,0.007885885599593573,0.9830486099108097,0.002420907217168544
1.5466666666666746,-1.9476608701123312,0.007555877479971952,0.9826740951723135,0.0023017471196472
1.550000000000008,-1.9474139971407824,0.007756780091908283,0.982559872033668,0.0023829430738908377
1.5533333333333414,-1.9466305090012754,0.0076565555742261725,0.9823465893020104,0.0023945744344683407
1.5566666666666749,-1.9456347931048994,0.007484627024502055,0.9820190040462851,0.002374028489399322
1.5600000000000083,-1.9441638742835314,0.007363818918068901,0.9816123623923316,0.0022497127674405344
1.5633333333333417,-1.9437643253319166,0.007794132775946872,0.9814735343156278,0.002426840125200972
1.566666666666675,-1.9430416771163224,0.007744289141749089,0.981207041185745,0.00242564831373352
1.5700000000000085,-1.9411486072715793,0.00773962088413114,0.9807217436495913,0.00239372244282613
1.573333333333342,-1.9419286875372817,0.007829343823707757,0.9809702338874757,0.0024342585141103254
1.5766666666666753,-1.939615252447691,0.008712816874651664,0.9801131018187242,0.0027202760270613907
1.5800000000000087,-1.9397826664064808,0.008501319046317806,0.9802592513823085,0.0026857093693137086
1.5833333333333421,-1.9396262400673494,0.008612621512833181,0.9802595311151693,0.0027067957956505764
1.5866666666666756,-1.937227443733986,0.007943787413209077,0.9795076605390849,0.002480343342622839
1.590000000000009,-1.9362982334339944,0.008326662038242377,0.9792053596595212,0.0026197936637974316
1.5933333333333424,-1.935899802197645,0.008581926169831753,0.9790820956564016,0.002701292619403322
1.5966666666666758,-1.9352956204968563,0.00828325734500623,0.9788918972110767,0.0026457648136574653
1.6000000000000092,-1.9338983347187473,0.008553929790213929,0.9785274645761862,0.0026880518278117405
1.6033333333333426,-1.934138515348982,0.008696024250017165,0.9785804745554327,0.0027432957328721577
1.606666666666676,-1.9321887872294918,0.008634363716642581,0.9778785342739973,0.0027838450722822753
1.6100000000000094,-1.9312197611937167,0.008508641257003496,0.9776031588835582,0.002690847842318404
1.6133333333333428,-1.9292415073571814,0.00896572827373752,0.9769132615304227,0.0029439518486205412
1.6166666666666762,-1.9278543260865841,0.008330761699764521,0.9766228027070945,0.002614678277157065
1.6200000000000097,-1.928581189551242,0.009038919253130068,0.9767907167415806,0.00296928020228698
1.623333333333343,-1.927708433494255,0.008780159899356179,0.9766365255945133,0.0027131828560511884
1.6266666666666765,-1.9264452204176796,0.008789178421968736,0.9761804343342996,0.002832702595904738
1.6300000000000099,-1.9245381803125303,0.009234678761944429,0.9755463481760187,0.002991043078054083
1.6333333333333433,-1.9252288359645653,0.008513978047114516,0.97580619992483,0.0027494012484060642
1.6366666666666767,-1.9234554351723463,0.008511318470777922,0.9752774139026757,0.0027273069444285368
1.6400000000000101,-1.9233331417269552,0.009239957505638632,0.9752426870132976,0.0029644355769202035
1.6433333333333435,-1.9218335161211013,0.008842300878302033,0.9746460082960692,0.0029342336385759205
1.646666666666677,-1.920250083213092,0.009672132620961504,0.9742623310395302,0.0031568497990255213
1.6500000000000103,-1.9181917748896689,0.009004891548032103,0.9735923979277132,0.002923495638240052
1.6533333333333438,-1.9181138054326334,0.009259574257834089,0.973452930057924,0.0031704776649480234
1.6566666666666772,-1.91675590083322,0.008735789214200254,0.9732176030032705,0.0027984939701609633
1.6600000000000106,-1.9154622852623426,0.010097429135467887,0.9727379872360619,0.0033108385553747956
1.663333333333344,-1.9117107889036533,0.009576037193111281,0.9715670739013831,0.003314645020112639
1.6666666666666774,-1.9132431552133027,0.009852949233139464,0.9720852170784156,0.003285348126541833
1.6700000000000108,-1.9137358712921098,0.009366083434712326,0.9721947592433678,0.0030671493354552225
1.6733333333333442,-1.9107768683940034,0.009023828673676258,0.9713615928203684,0.0029834226692791095
1.6766666666666776,-1.909983666831671,0.010140541923161557,0.9708732945557998,0.003468219936166531
1.680000000000011,-1.908651325435108,0.009981832000522758,0.9706097229000663,0.0033086067124242892
1.6833333333333445,-1.904363619563436,0.009680408259242969,0.9690446101992005,0.0031797372159641504
1.6866666666666779,-1.9061181182788833,0.009489185264136665,0.9696756161363346,0.0031794388341635734
1.6900000000000113,-1.904805533956065,0.010021250874136226,0.9691632335175036,0.003525239998845598
1.6933333333333447,-1.9033606877730451,0.009515730402547624,0.9688594529666431,0.0031353188856113943
1.696666666666678,-1.9042442796182146,0.010057707701046054,0.9691850779461465,0.003435792726067388
1.7000000000000115,-1.8992847221616411,0.010537394496158018,0.9673761161929919,0.0036661221002446073
1.703333333333345,-1.9004973210580685,0.01022947635691034,0.9678837776088696,0.0034959874746701776
1.7066666666666783,-1.8984324163521593,0.010939081903406827,0.9673385081779577,0.0036177031780390326
1.7100000000000117,-1.89691353411788,0.011084568320518486,0.9668085624347045,0.003783720045443051
1.7133333333333451,-1.8972096531647256,0.01088899821343278,0.9667505912481248,0.0038821003830756006
1.7166666666666786,-1.8969919432113351,0.010708315658271189,0.9667919594231881,0.0036775399354981183
1.720000000000012,-1.8947771165007996,0.0102157664657691,0.9661452694162413,0.0034661913817157835
1.7233333333333454,-1.8925728988924082,0.010807679010879975,0.9652076018860541,0.003641365723638584
1.7266666666666788,-1.8924652420775752,0.011885958835199967,0.9653321067007286,0.00417024763316711
1.7300000000000122,-1.8905339599204174,0.01066514769125841,0.9646742150983374,0.003742948801681257
1.7333333333333456,-1.8871048452568473,0.011765027452108346,0.9635273050274652,0.004035505088688425
1.736666666666679,-1.8874798775863877,0.011307225858692307,0.9635509105295295,0.00401645816565888
1.7400000000000124,-1.8857817186501342,0.011904191858132589,0.9630887372705025,0.004257673195295279
1.7433333333333458,-1.885971539114494,0.011561578168966377,0.9631551108042653,0.004108513847764189
1.7466666666666792,-1.8805980042806505,0.010165978156484097,0.9614367666638454,0.003525989573822589
1.7500000000000127,-1.880106072922806,0.01130531268459919,0.9611093011778052,0.004034745542447161
1.753333333333346,-1.8804063963208062,0.01198201374080234,0.9613839162304583,0.004095477796053262
1.7566666666666795,-1.8755677099536958,0.011618050572298998,0.9594996188802465,0.004220239251911654
1.7600000000000129,-1.87571491391975,0.012036022351874391,0.9595611514175241,0.0044155323948468815
1.7633333333333463,-1.8749605130615128,0.01117502039952797,0.9591681126666847,0.004151643900695554
1.7666666666666797,-1.8753928160710343,0.012338685044201164,0.9596296449522181,0.004330354057011023
1.7700000000000131,-1.8750647597132646,0.011812209631720798,0.9594866562352273,0.004199526026309454
1.7733333333333465,-1.8706743094558167,0.011338702312383158,0.9580091613963929,0.004086057474814415
1.77666666666668,-1.871447615228574,0.010620048921576798,0.9583719534906394,0.003719912293495324
1.7800000000000133,-1.869103768845276,0.0119884361039557,0.9574502894677599,0.004351904500445008
1.7833333333333468,-1.8680050829501837,0.012519483482703493,0.9569875568741678,0.004632154927840344
1.7866666666666802,-1.8634981197174798,0.012471870187977296,0.9552689734209201,0.004604405582606052
1.7900000000000136,-1.8643701862253936,0.011895128550477597,0.9557143026267225,0.0043574763062910376
1.793333333333347,-1.8616103049301342,0.012965732498592274,0.95458123588066,0.004984824615316657
1.7966666666666804,-1.861283107957117,0.012496413911953008,0.9548440486413284,0.00449426315483709
1.8000000000000138,-1.8577017072296829,0.011889209845786555,0.9533754754576785,0.004474821252336412
1.8033333333333472,-1.8592303100407757,0.012866865404843096,0.9542132426462404,0.0047527044475088095
1.8066666666666806,-1.8556234319821956,0.013237322989056414,0.9528294454266677,0.004964845483292217
1.810000000000014,-1.8558854389295598,0.012597904491436065,0.9530809365956634,0.0045968268864662425
1.8133333333333475,-1.8515786421158285,0.012367110460082669,0.9514228050697802,0.004718911359635673
1.8166666666666809,-1.852912979999717,0.011486154409083746,0.9518619728913472,0.004394370383011446
1.8200000000000143,-1.8478038571886741,0.013591642392465603,0.9498596519655074,0.005211531292299176
1.8233333333333477,-1.8465525781805454,0.012372327728796173,0.9497565121191887,0.004687370870577914
1.826666666666681,-1.8482495002160908,0.013660896755877169,0.9504150434550488,0.005079527823816369
1.8300000000000145,-1.8454955719451613,0.01365216672538046,0.9489571912857646,0.005424496351222934
1.833333333333348,-1.8419376630309965,0.013995648547458057,0.9479891183042937,0.0056440497131312484
1.8366666666666813,-1.841552151468044,0.012657694731634903,0.9478778156978556,0.004821294628234792
1.8400000000000147,-1.8394531529291698,0.013360073782965807,0.9467315059062075,0.005133118631150896
1.8433333333333481,-1.83666394276246,0.013026673150884332,0.9460901778014714,0.004801705318148714
1.8466666666666816,-1.8356681522022942,0.01307221224186068,0.9455310260565144,0.005240922554108877
1.850000000000015,-1.83457593441868,0.014310827238880896,0.9451869175800873,0.005618234159111776
1.8533333333333484,-1.8332857282000987,0.013687066644320706,0.9449521500984652,0.0055487717516863036
1.8566666666666818,-1.8294932378437738,0.013226783299260253,0.9432185637781586,0.005469509302378316
1.8600000000000152,-1.826821720034963,0.013620787814613417,0.9418799357787206,0.005366440481059921
1.8633333333333486,-1.825985401505159,0.013947975633068137,0.9414007995552625,0.005948043234515427
1.866666666666682,-1.8238982627763345,0.013359227738115006,0.9410724541644474,0.005497031366602594
1.8700000000000154,-1.8220303468786256,0.01465413196472703,0.940342267958444,0.005873380665945254
1.8733333333333488,-1.8222261677744103,0.01307110613901405,0.940800279587549,0.00526031809268921
1.8766666666666822,-1.8175185113268915,0.014284811466546617,0.9385286657470159,0.006142877414854219
1.8800000000000157,-1.8156815157291484,0.014338305808290307,0.9383616719777214,0.006015646483011727
1.883333333333349,-1.8121424240931483,0.01290527108472025,0.936554750768536,0.005722088110770946
1.8866666666666825,-1.8144722033271934,0.014215962509651145,0.9370622521616216,0.006441006068553386
1.890000000000016,-1.8142531784707772,0.015304465650546576,0.937844488663205,0.00630982437129551
1.8933333333333493,-1.807452007087857,0.014321307548384883,0.9348945794736988,0.0058676986854070134
1.8966666666666827,-1.8074309959438328,0.016263439820082437,0.935185957620277,0.006806818891449166
1.9000000000000161,-1.8039575297252062,0.0135617069180558,0.9330525307517978,0.005756853661412415
1.9033333333333495,-1.7978375389423817,0.015771390228412018,0.9305913585809547,0.006641010791208104
1.906666666666683,-1.7964917598998316,0.01518462469961741,0.9305282262688424,0.006243372719126309
1.9100000000000164,-1.8000259968394587,0.015084535148981483,0.9316174032617078,0.006590215120088165
1.9133333333333498,-1.7954291315120705,0.015380332908968373,0.9303985601259389,0.006482728259259833
1.9166666666666832,-1.7934173433798317,0.015763201313875708,0.9295479097493197,0.0068786930309793215
1.9200000000000166,-1.7902816661383347,0.0143756016736996,0.9279067014116935,0.006014145197681632
1.92333333333335,-1.7897093676881661,0.015158742882197816,0.9284641728994488,0.0064761631531149244
1.9266666666666834,-1.7851954355409656,0.01440869287986528,0.9254087616048067,0.006458624527896821
1.9300000000000168,-1.7879022481227356,0.015299906625887066,0.9280206441378493,0.0064071331915490455
1.9333333333333502,-1.7835164752142934,0.017219821833883674,0.9259062608043345,0.007225775913799817
1.9366666666666836,-1.7802774999637225,0.016382065229934333,0.9236730542581638,0.007411067565965529
1.940000000000017,-1.7766104673571432,0.016299232654531225,0.9225391078457925,0.007278489148829343
1.9433333333333505,-1.7745702206122682,0.015439990140732933,0.921378955993206,0.0067827087954461995
1.9466666666666839,-1.7732171335323355,0.015032011651533433,0.9214091217262694,0.006774909304364022
1.9500000000000173,-1.7686450768528186,0.016804430711177765,0.9189905180266247,0.008182537269433326
1.9533333333333507,-1.7644419572095342,0.01798617915973824,0.916410081826298,0.009642947501323135
1.956666666666684,-1.7633000771315914,0.018252512673425154,0.9170690940293963,0.00819606537898772
1.9600000000000175,-1.7645169417842386,0.016464756687223407,0.9170512902686586,0.007626006211988426
1.963333333333351,-1.7591038202853126,0.016558541391973155,0.9150468095776366,0.007881111326551551
1.9666666666666843,-1.7614358614673373,0.015365991351570402,0.9158926185881479,0.006912574950253803
1.9700000000000177,-1.7538655826773113,0.018026354995279128,0.9127995201315158,0.008476854920856716
1.9733333333333511,-1.7542082357463848,0.017165964672334277,0.9134258856461462,0.00846978694621471
1.9766666666666846,-1.7522229687360125,0.01613350473491949,0.9124588117191234,0.007319785437797842
1.980000000000018,-1.7523738413387404,0.019903664938265807,0.9117109825024965,0.011106338187947292
1.9833333333333514,-1.7454134084673303,0.015794580593675882,0.9091584318565068,0.007524420174843433
1.9866666666666848,-1.7377634364429726,0.020641699225386115,0.9048013608916852,0.011275803466123654
1.9900000000000182,-1.7399898168205572,0.015802666537580876,0.9070431289612758,0.00782693452704109
1.9933333333333516,-1.7368192745938638,0.01770304493192897,0.905044129035978,0.00881731147384705
1.996666666666685,-1.7346264939232812,0.01955504221492975,0.9040335670402704,0.00979896742833166
2.0000000000000187,-1.7320964565084418,0.01721279831878179,0.9038086415505643,0.008095069317160888
2.0033333333333516,-1.729400478164824,0.01590216009597606,0.9033685538453516,0.007625452159881993
2.0066666666666855,-1.7315741607632058,0.016410523929981314,0.9046937384279186,0.008089584016519477
2.0100000000000184,-1.7258074424056489,0.016499345810570228,0.9012162832170277,0.008420100072780568
2.0133333333333523,-1.7180141352681928,0.018511908880779273,0.8960004804682364,0.010243813801414146
2.0166666666666853,-1.7206144525089557,0.016474360408558233,0.8990609320933209,0.007963117879288889
2.020000000000019,-1.7203890036811684,0.01815849733234544,0.8992804965035252,0.008522143290874275
2.023333333333352,-1.7120118036249157,0.019246673908765454,0.8950149228058235,0.010005278140726648
2.026666666666686,-1.7127985416304758,0.0171710626976656,0.8940409686499106,0.010313798004702272
2.030000000000019,-1.7015775797676624,0.01846570001981303,0.8886243250876051,0.009998031791505727
2.0333333333333528,-1.701675527285137,0.01835963953046016,0.8893450689592417,0.010281809887810021
2.0366666666666857,-1.7057038676049572,0.018118175527798045,0.8921952392368656,0.00911502077838655
2.0400000000000196,-1.6998455821573555,0.015975780349664397,0.8878108827226947,0.009406752460862304
2.0433333333333525,-1.6951584999359568,0.022092177995483166,0.8868760951854486,0.011516679584429323
2.0466666666666864,-1.689410178988999,0.017293628644806262,0.8828142429380613,0.009745937732126907
2.0500000000000194,-1.6815950033258833,0.02350874239484669,0.875291458092396,0.017735391847251376
2.053333333333353,-1.681553076233571,0.018878812186404508,0.877372075317144,0.011316824623034715
2.056666666666686,-1.6807324994824175,0.020404274193728377,0.8779709142645638,0.010613115017559458
2.06000000000002,-1.6779112719993492,0.020336749149963702,0.8783687139826075,0.010919191123824824
2.063333333333353,-1.6749304464326473,0.01799725309999004,0.8724564112146084,0.011302394735498775
2.066666666666687,-1.6692363253400955,0.018407852208291955,0.8733342671589891,0.010085409101169037
2.07000000000002,-1.6690398498066998,0.018480069360209288,0.8744831369933808,0.009820832087071178
2.0733333333333537,-1.6678579991329763,0.020741600576357083,0.8740255251172114,0.011217791945410872
2.0766666666666866,-1.6643641132620675,0.022656847567173025,0.871778355488469,0.010973955374159733
2.0800000000000205,-1.6532421171915581,0.021474106580847464,0.8640556507621867,0.013123791869688064
2.0833333333333535,-1.655314729365856,0.01857318192734017,0.8643233846559313,0.0121145594205384
2.0866666666666873,-1.6512869507533403,0.01964225508396095,0.8625299059455217,0.012414417126724765
2.0900000000000203,-1.6452773907204155,0.020232966625963113,0.8563648324462027,0.01348907180650115
2.093333333333354,-1.6498480024850948,0.021077772345287914,0.8619997191963302,0.012699004373348888
2.096666666666687,-1.6451665823830202,0.02012430538597502,0.8587986795419119,0.014677205948331837
2.100000000000021,-1.6363206166318713,0.021185371006131066,0.856570553603137,0.012476223474831086
2.103333333333354,-1.6370081795671267,0.023801261298289605,0.8517120620874816,0.02050216355062713
2.106666666666688,-1.6328090419051982,0.02074020067895892,0.8562590914217084,0.01139277728253968
2.1100000000000207,-1.6243686519114584,0.022466921537256244,0.8468992199914935,0.015094429576412067
2.1133333333333546,-1.6272192061436275,0.021491655749142708,0.8509144225366642,0.013613696806960654
2.1166666666666876,-1.6263138141172317,0.023007263200650663,0.8512174430120514,0.014654958979369486
2.1200000000000214,-1.6107036215611805,0.020432658023788377,0.8393398277114262,0.011802978075537747
2.1233333333333544,-1.6165818737182267,0.021284087286837165,0.8468812159667803,0.013678509315861953
2.1266666666666882,-1.6111505994989435,0.02246067213068695,0.8408771353283986,0.015071119866346327
2.130000000000021,-1.6000478678070131,0.022169506475430725,0.8337045006929433,0.01739960018699303
2.133333333333355,-1.6051328401132496,0.02152953242736204,0.8417336667125334,0.012409259803645316
2.136666666666688,-1.5887357591271138,0.021838988967003932,0.8237259848925275,0.01686866139892356
2.140000000000022,-1.6010295645097037,0.022870819372605943,0.8394717343164984,0.013725860667972505
2.143333333333355,-1.5861862908842372,0.02397310548113214,0.8258144824140953,0.01654357275071449
2.1466666666666887,-1.580709172454112,0.0264885086364428,0.8230836562786992,0.019226414716279675
2.1500000000000217,-1.5797893976921986,0.025334389995157955,0.8216363272921613,0.019624990948980646
2.1533333333333555,-1.5768782844732323,0.021057596704881897,0.8188066811627401,0.013304040045226052
2.1566666666666885,-1.573684195347561,0.02255273473844926,0.8211420683127256,0.015827937686600266
2.1600000000000223,-1.5617007884914385,0.022527464122145294,0.8125433087420478,0.015592861678028291
2.1633333333333553,-1.5495753788332816,0.02808737139541033,0.793473094874655,0.020857997643738937
2.166666666666689,-1.5565152058817906,0.02541961879064805,0.809192118703854,0.018118248092959154
2.170000000000022,-1.570792710812098,0.02769504021395454,0.8211714740537791,0.02054582074470703
2.173333333333356,-1.5491546938767027,0.025214338430782423,0.80124644931256,0.017390197546677262
2.176666666666689,-1.550833587599745,0.024858246575869533,0.805583236336255,0.01795793989971133
2.180000000000023,-1.5300786397676034,0.025095160710214212,0.7840752150326115,0.018297971207274607
2.1833333333333558,-1.5354798693827663,0.027002136882857034,0.7893072615673266,0.02038074840318626
2.1866666666666896,-1.5295600545337187,0.023907920648949872,0.7896282854474147,0.018979536887067352
2.1900000000000226,-1.532546501442012,0.020907268624605357,0.7895010999022162,0.016838080298560206
2.1933333333333564,-1.5241433073220478,0.024586129206898937,0.786349109814963,0.019172326632433772
2.1966666666666894,-1.5078937109290755,0.022561671663407494,0.7713514703778082,0.01675156094940173
2.2000000000000233,-1.503574115105881,0.020723903741533163,0.764492858681924,0.018809218289624178
2.2033333333333562,-1.511986084260042,0.02536047159378473,0.7799567511067864,0.0198651844927494
2.20666666666669,-1.4946122664789077,0.02747888291786073,0.7585820363125436,0.021330169325662948
2.210000000000023,-1.48403768883774,0.026339381547025448,0.7400522101137681,0.029369695319815918
2.213333333333357,-1.4950118917635762,0.027862832905010907,0.7641857972405486,0.019714963567937976
2.21666666666669,-1.4969076988434262,0.025605496841730826,0.7709298661575958,0.021547466660793466
2.2200000000000237,-1.4722198421989925,0.03233640830917782,0.7373273456590275,0.042003610886342586
2.2233333333333567,-1.489230750512781,0.026041247586890116,0.763107061374185,0.02320822425637394
2.2266666666666906,-1.4871108494751166,0.030103768162542212,0.7599267052469026,0.02845836997156648
2.2300000000000235,-1.4554363909567039,0.02611281506173711,0.7189301060399763,0.02671333012303182
2.2333333333333574,-1.4681527527553317,0.02946480798271447,0.7438129626004356,0.026843025719477564
2.2366666666666903,-1.4632447949407767,0.027493370253087335,0.7415549509953108,0.02207649296055381
2.240000000000024,-1.4431251530457458,0.030024695766135295,0.7172602920156403,0.0298271264118783
2.243333333333357,-1.437411510126427,0.02838793525565938,0.7154418885958245,0.030802435857064686
2.246666666666691,-1.4277093630357847,0.029160879616734588,0.7041069412736993,0.03247267166080843
2.250000000000024,-1.425521394233032,0.03110020432832079,0.6975845168723801,0.0345102486995577
2.253333333333358,-1.43510554399126,0.031049094433566096,0.7153153431656408,0.03394455601076298
2.256666666666691,-1.4160946877295075,0.03143908498726326,0.6906609315232148,0.03815769268652554
2.2600000000000247,-1.4193290681642492,0.02786572124665933,0.7024606918067688,0.023355390401726468
2.2633333333333576,-1.388060082528896,0.033896033035097056,0.6299890780966385,0.06605991004052483
2.2666666666666915,-1.407184009672189,0.028055225219302232,0.6811615123727794,0.03347615063876457
2.2700000000000244,-1.3964390605658288,0.0249484408580493,0.6787609521759393,0.03291148625841361
2.2733333333333583,-1.3596469577872101,0.027486596500429835,0.5968302061472399,0.03661174748664178
2.2766666666666913,-1.3585190760848473,0.034271071051143874,0.596432446819421,0.06508058020146393
2.280000000000025,-1.361793438561751,0.030948137441279493,0.6275694738938632,0.04359702621199328
2.283333333333358,-1.3656466038233281,0.023910414124145955,0.6167107425968417,0.03441881821984365
2.286666666666692,-1.3711334762632381,0.03003247143036413,0.6572403281205749,0.03811883348796193
2.290000000000025,-1.3679895948042606,0.03167199087103986,0.6465449492844088,0.037647379259109694
2.2933333333333588,-1.337977652836857,0.029660990690230128,0.5910759348348513,0.046525661910484156
2.2966666666666917,-1.3194086227829063,0.031387032336149964,0.5655711941848781,0.030476569858259025
2.3000000000000256,-1.3140793842753307,0.029961980114686863,0.5674742945052786,0.0468332830160369
2.3033333333333585,-1.3279650814415431,0.02920705356747164,0.5829774357004389,0.03770910131900715
2.3066666666666924,-1.3021250513940603,0.028427960941214775,0.538138227555532,0.05523030276482823
2.3100000000000254,-1.3100090944950618,0.02405312833503445,0.5585008603700473,0.02427822463448047
2.313333333333359,-1.293201669618401,0.02813597607784687,0.5253279858480623,0.040811027052241024
2.316666666666692,-1.3062577339906076,0.030769107427465317,0.54802180456147,0.05910293271842813
2.320000000000026,-1.3056482327749883,0.03382765326463218,0.573393038491722,0.04937376971487706
2.323333333333359,-1.2844987626456337,0.028267386247721866,0.5196821764603355,0.04360173709337428
2.326666666666693,-1.2602190186820477,0.034259942762221246,0.4759847567925145,0.0418427089209953
2.330000000000026,-1.2416331921846635,0.025579189360668327,0.37217699550800165,0.05985110785080484
2.3333333333333597,-1.2430768175634486,0.036769664747990406,0.4452533706185054,0.08977346215720115
2.3366666666666926,-1.232809284396781,0.02935869651527008,0.4240452089913489,0.05088109313292185
2.3400000000000265,-1.24525941474649,0.02948921863002377,0.48379699929067194,0.03494707654565572
2.3433333333333595,-1.2195073257186075,0.030856530618508307,0.41238495705127237,0.06583801326344557
2.3466666666666933,-1.2672424786184806,0.028056032145430173,0.5462123625074345,0.036739060760778
2.3500000000000263,-1.2310393535272912,0.025325603142911452,0.4634552910986555,0.03657343454450767
2.35333333333336,-1.2512781620741034,0.02620452089209146,0.5098926584812182,0.033499431789363036
2.356666666666693,-1.2208778627349464,0.02985496646471793,0.43555983206490845,0.03436765079240849
2.360000000000027,-1.211723017487485,0.027271605172238495,0.3854403280334297,0.051935128538806344
2.36333333333336,-1.1895894181325355,0.031576998776524014,0.32639127826065895,0.058506986916270196
2.366666666666694,-1.1837619718109806,0.02690454411312934,0.3115922385011823,0.047248238327819395
2.3700000000000268,-1.200973887900444,0.03150892127127873,0.39932110417387584,0.050138276174840575
2.3733333333333606,-1.1868097425627933,0.023025925125012454,0.38209853969494995,0.05037600144073249
2.3766666666666936,-1.2040632865170904,0.02985034149459967,0.4186751749079617,0.04879061247566454
2.3800000000000274,-1.1757561647550991,0.02866081804171659,0.36969525912066037,0.04170462959134193
2.3833333333333604,-1.189112903738432,0.027358461430342415,0.35614722943897364,0.045003609603350044
2.3866666666666942,-1.1602420662135737,0.023642414216529812,0.32745929208128993,0.05380573329871129
2.390000000000027,-1.1741000041648801,0.02679717571021437,0.37295295042642523,0.04338414041154454
2.393333333333361,-1.1592970197499812,0.027540729151091875,0.3194759351375175,0.09962024695216354
2.396666666666694,-1.1349291873707916,0.02763754315008303,0.22553738751520416,0.043041398022637345
2.400000000000028,-1.1569176913977004,0.0341215540077594,0.3007309061556512,0.07248900675969235
2.403333333333361,-1.1619854211378011,0.0258617744710996,0.39512550492815124,0.042505103393224525
2.4066666666666947,-1.129808880443882,0.02940885905830153,0.2587596319852817,0.07427567711251779
2.4100000000000277,-1.1244021275444587,0.023551461767536565,0.27302736547093887,0.05495670244781867
2.4133333333333615,-1.135454848495143,0.026292167152379392,0.3001717543585297,0.06225223633549277
2.4166666666666945,-1.1357359623856533,0.026403203783842897,0.3381331866950983,0.04746109563497313
2.4200000000000284,-1.1167913937144194,0.02752240261481484,0.23804304851314073,0.048706141537676315
2.4233333333333613,-1.1289910074233245,0.02519478255176631,0.2748158832154624,0.047924270652932636
2.426666666666695,-1.105237029795409,0.02242565793458416,0.25469717953021015,0.0614870467356447
2.430000000000028,-1.1075213274542726,0.02646690346842508,0.25989825957702334,0.04141712825879291
2.433333333333362,-1.106561863009847,0.02662796030741155,0.2556821763587012,0.05817827395610398
2.436666666666695,-1.1065546440396172,0.024972939931209713,0.2665785557479948,0.0502536588990147
2.440000000000029,-1.1033173462084995,0.020791439658494,0.26637743546989445,0.05675397809279808
2.443333333333362,-1.0947211256359166,0.02480037644452355,0.23612146435302123,0.07336378172156115
2.4466666666666956,-1.0892833128622184,0.02578738294015392,0.2352166032688001,0.051616533174000556
2.4500000000000286,-1.0843515104473913,0.026168107377063442,0.2340388478643061,0.06183265387297958
2.4533333333333625,-1.0781562885634302,0.02244748923194509,0.19236823373998993,0.046072926122158755
2.4566666666666954,-1.060371031806955,0.02927183606325263,0.14884548935168063,0.06722424912696956
2.4600000000000293,-1.0717822407145194,0.025368584742750167,0.1906825765135718,0.06757572031029734
2.4633333333333622,-1.0695984743790379,0.02414307044910787,0.18885329066455114,0.048908204146778184
2.466666666666696,-1.0632550636752411,0.024559565376887513,0.1877587916932003,0.06259634820452864
2.470000000000029,-1.0678364047171427,0.02778722662641473,0.26046373274987356,0.045209451949305285
2.473333333333363,-1.053114589297025,0.022013632804405703,0.15991674339244857,0.06116649835254223
2.476666666666696,-1.0631467659107612,0.02345263706450951,0.2298196040065581,0.048246396335825954
2.4800000000000297,-1.0611290852769324,0.027821996027147848,0.24079007795033966,0.06832622895554376
2.4833333333333627,-1.0552000849455399,0.024295562780320624,0.1517588319415258,0.04526567192646781
2.4866666666666966,-1.0395393875938197,0.023265299698988363,0.1671733548210803,0.06372638321145516
2.4900000000000295,-1.032125686199385,0.020834162706778354,0.15256459299537553,0.04618299304253476
2.4933333333333634,-1.0452163282645466,0.027397874557463175,0.1918308463333403,0.0733550992839606
2.4966666666666963,-1.0337918630645953,0.023982578969608134,0.17720988194846998,0.057402470774128835
2.50000000000003,-1.027963642407284,0.022692425685342073,0.10309769969882907,0.037168320148582776
2.503333333333363,-1.0324736874469354,0.024383343242298326,0.1833399880441231,0.045600682082426645
2.506666666666697,-1.0285263512224692,0.022012992333205972,0.16992262457587776,0.06161236172622805
2.51000000000003,-1.0199095695751814,0.02640279489930963,0.08809641943770716,0.0466151763064118
2.513333333333364,-1.0195534238459516,0.024520506213053104,0.14975735157091788,0.05223564321804501
2.516666666666697,-1.0256881532394355,0.025640367698986012,0.19073182648173745,0.05739542191506358
2.5200000000000307,-1.0114706060270664,0.02623557791320713,0.13446601338540384,0.08340616009960593
2.5233333333333636,-1.0171745755858936,0.022772020072250623,0.11790562126016661,0.054135428112096914
2.5266666666666975,-1.013146799942283,0.024520308040078143,0.1991849170938495,0.07257021947193532
2.5300000000000304,-1.0026366017322155,0.025007131371983925,0.1227599521360649,0.06979313200702515
2.5333333333333643,-1.0060189542686446,0.024611062086863842,0.12538415693946842,0.05474780982994099
2.5366666666666973,-0.9941614795312997,0.01954205801443491,0.1035973596371521,0.03428669933701037
2.540000000000031,-0.991458649097812,0.02088237406197085,0.06007169439578581,0.07679581337646121
2.543333333333364,-0.9903150705199977,0.02593573843327839,0.11338751762130801,0.05796413968443376
2.546666666666698,-0.9931044310158457,0.020352005489309054,0.1703511503299467,0.04972947685539753
2.550000000000031,-0.9896054663141147,0.024018680235940216,0.16265905191657973,0.045086614056287
2.5533333333333648,-0.9835148364883777,0.021671322435589148,0.12086953400721046,0.04816605165301882
2.5566666666666977,-0.9772477255365472,0.021381384832031,0.10757703557335892,0.06166400379461584
2.5600000000000316,-0.9838587942183507,0.0234541840848674,0.1473357472635819,0.0516898304554877
2.5633333333333645,-0.9781937307537878,0.02373504875299445,0.12164956999517519,0.03774710383417973
2.5666666666666984,-0.9770549261753596,0.023963285120694563,0.12181588329816698,0.04186489580419722
2.5700000000000314,-0.969740600341748,0.021246191594658344,0.05748473707032035,0.04767149975805055
2.5733333333333652,-0.9675271575821474,0.0222030089762945,0.11254770960781632,0.05660680748013342
2.576666666666698,-0.97299949389311,0.020379870548380852,0.12712278471118357,0.035939069152780126
2.580000000000032,-0.9560642306936767,0.023512546054491174,0.08681512318288703,0.05270574168249303
2.583333333333365,-0.9590151344067718,0.02018659669994496,0.10180956208462645,0.04477721212681549
2.586666666666699,-0.9576942625582803,0.024915337434550804,0.11622356490335821,0.036385138314250616
2.590000000000032,-0.9615301772531782,0.026127795137163286,0.13118135633651973,0.06744938088343044
2.5933333333333657,-0.9585406094652387,0.02137639278130793,0.11485713157904541,0.042301793043866186
2.5966666666666987,-0.9543842100624944,0.026185867474993182,0.09824092832459871,0.03834795089237474
2.6000000000000325,-0.9543538117294289,0.02307028007161924,0.11593326674767361,0.07071265697271131
2.6033333333333655,-0.945647776448791,0.02150951120217186,0.10842228454715981,0.036332178525789065
2.6066666666666993,-0.9449474590495721,0.021477654723056565,0.0679885178209012,0.039026175313576265
2.6100000000000323,-0.9447666483775309,0.02145798871470234,0.12581864389547884,0.03778896312813524
2.613333333333366,-0.941580014065233,0.022751580914376273,0.11473670745027599,0.04273063958826806
2.616666666666699,-0.9298933197031214,0.0229000629937976,0.06431490311761029,0.03542450395029465
2.620000000000033,-0.9353361076344298,0.025015369120766677,0.10406893391346969,0.04247092224686845
2.623333333333366,-0.933531518243842,0.02078246557066878,0.0752722145832578,0.033172444416526434
2.6266666666667,-0.9259365459255372,0.022978551496215225,0.05898763762014321,0.04537562629771949
2.6300000000000328,-0.9301576562990401,0.021429028615595168,0.11024048830028366,0.03379047110634842
2.6333333333333666,-0.9281719236236545,0.023923239649264322,0.09023100639076594,0.03989885389709695
2.6366666666666996,-0.9200446919623221,0.020166737727875705,0.08026037221809228,0.0386184379610351
2.6400000000000334,-0.9210215366752321,0.024571306847725866,0.07686857382781132,0.042120096578874715
2.6433333333333664,-0.922117730287772,0.02351249662687945,0.09010074028587542,0.04359609063174459
2.6466666666667003,-0.9191477204661628,0.020094684831055216,0.08362188453300852,0.030228581067851944
2.650000000000033,-0.9175031634897536,0.022195687934828442,0.10513930799548932,0.051960483707974556
2.653333333333367,-0.9110311043217173,0.021869687245192764,0.0697517905091232,0.040881976297674726
2.6566666666667,-0.9120355027869931,0.02040225643694626,0.07210002007649255,0.03936418739467231
2.660000000000034,-0.9104086504647388,0.020101548875798146,0.09085109032628567,0.045011385357522235
2.663333333333367,-0.9100949661353512,0.02101485285957464,0.09094498916878783,0.043953327127131264
2.6666666666667007,-0.8982687005640912,0.022806442943539815,0.03382336472629815,0.03341873302879608
2.6700000000000337,-0.9039185406279865,0.022102895150044734,0.07437451502350714,0.07370990478194585
2.6733333333333675,-0.9041738153505525,0.023925121599042393,0.09468493719308954,0.0318990726152013
2.6766666666667005,-0.9002282751944333,0.021581749104810182,0.07646221261101806,0.04055779398365644
2.6800000000000344,-0.903228388247096,0.019414895484021782,0.10068241663589066,0.03594356749958866
2.6833333333333673,-0.8899840439741886,0.021026783080880684,0.05668005609567703,0.040533896286034994
2.686666666666701,-0.8937980335196106,0.02256065079981222,0.07199779974624604,0.04445378681045565
2.690000000000034,-0.8901747475745416,0.021599208204742374,0.08066337284281186,0.04396405051604134
2.693333333333368,-0.8962452562362295,0.02032717090896859,0.092323184735583,0.048191186548746205
2.696666666666701,-0.8867125072153026,0.022634441137673763,0.09639972010353816,0.04234258849096793
2.700000000000035,-0.8784640672731981,0.022015436332440155,0.039133346735510256,0.03245270068042021
2.703333333333368,-0.8835781772843979,0.019088281473834196,0.08635539122366527,0.0384349455706702
2.7066666666667016,-0.8747214018094299,0.02022797521361511,0.03851750354922574,0.036319545973038075
2.7100000000000346,-0.8744980614288828,0.02155554303790033,0.05512714553449792,0.05189990944086837
2.7133333333333685,-0.8756854706917985,0.022182909739255963,0.055540428176350465,0.03864868500403164
2.7166666666667014,-0.8692808911475594,0.020799933657672465,0.04674482907591798,0.0341392258351004
2.7200000000000353,-0.8673326854086753,0.021210617282001628,0.06375063024698513,0.03652608533684916
2.7233333333333682,-0.8730444889422487,0.02036120215694472,0.09080620140876328,0.0324754985883574
2.726666666666702,-0.8673866703215063,0.020396692528380056,0.07440612136571495,0.03395841763526575
2.730000000000035,-0.8691704049304048,0.021103481060454884,0.08370586131913758,0.03470898159873136
2.733333333333369,-0.8662813165398163,0.018952524335895254,0.048815843267950694,0.032216353672439656
2.736666666666702,-0.8580118327599617,0.019006678838828048,0.05839467907787882,0.035917048121456595
2.7400000000000357,-0.8622480362838544,0.021433191981985192,0.07067677547050034,0.03700805950895118
2.7433333333333687,-0.8609975823332582,0.021643136764326575,0.05855795170366126,0.026552388724915894
2.7466666666667026,-0.858127563363148,0.020661424013257327,0.05359651938607882,0.041784067553179774
2.7500000000000355,-0.8558030582518786,0.02057859549112944,0.058641448398362196,0.03354157557154409
2.7533333333333694,-0.8586804744219108,0.0192507746257522,0.0601256653043474,0.03630521794733798
2.7566666666667023,-0.8533640951126855,0.020120479653092188,0.059722144586754594,0.04148178240032893
2.760000000000036,-0.8499802793114394,0.019599097954787516,0.07148265671417495,0.03307482221645618
2.763333333333369,-0.8499859929037085,0.01949859627832923,0.06029970004354933,0.03926399041934993
2.766666666666703,-0.8466031188415417,0.02077193994955566,0.058871654437405295,0.036560405960705755
2.770000000000036,-0.8471345637745561,0.018628741302388906,0.055860892263454594,0.03630333706984027
2.77333333333337,-0.8397703605977315,0.021049532788636482,0.03732814569904284,0.04290431111041856
2.776666666666703,-0.8392791641333218,0.01921086778272109,0.058102420625164686,0.03020085533066959
2.7800000000000367,-0.8400977870706893,0.02202543533331825,0.06144508916162357,0.03564037436534975
2.7833333333333696,-0.8349401883588693,0.020375068730539906,0.04017607530972918,0.0365006722895851
2.7866666666667035,-0.8338424000389029,0.020135143567610914,0.05056523317446345,0.03418882321526372
2.7900000000000365,-0.8349230557256853,0.018451888963633287,0.05432198450720344,0.036087491412172074
2.7933333333333703,-0.8305894032576772,0.01911927427431008,0.047033886868551686,0.03735765321492241
2.7966666666667033,-0.8325765338938912,0.022504060884829133,0.04548293667077213,0.04385596547235029
2.800000000000037,-0.8308666292894695,0.021298785282794084,0.05772910596515681,0.03673220079289668
2.80333333333337,-0.8254251942130941,0.020406442121109664,0.06334354885280122,0.030529125215360012
2.806666666666704,-0.8220411979882664,0.020488132927519036,0.047464453000784196,0.034561882050256634
2.810000000000037,-0.824006965420775,0.022051216398445744,0.04618559719935082,0.03396973584604377
2.8133333333333708,-0.823401418953663,0.02066617532957658,0.05757343478485217,0.03640128290515018
2.8166666666667037,-0.8234501967288943,0.02043347680736906,0.05214506912698785,0.03655700655403817
2.8200000000000376,-0.8194507624679004,0.02000395666231532,0.03247777565941175,0.03813140346156294
2.8233333333333706,-0.8221582770824528,0.02095228904929349,0.04954642936767569,0.03503481751343354
2.8266666666667044,-0.8186343721710079,0.020918846801926703,0.04950638136337914,0.04185143971121243
2.8300000000000374,-0.8162974812050156,0.021469630264937072,0.052672734668075705,0.028302545339099112
2.8333333333333712,-0.8127698500672921,0.019551513047814245,0.03641692346794313,0.030279362310897968
2.836666666666704,-0.8076461223536288,0.020902816177629475,0.05843100630043809,0.028970108286253266
2.840000000000038,-0.8105483702789141,0.020964365536299278,0.05054014814364372,0.026690019954928815
2.843333333333371,-0.8078937077312428,0.01989061759561292,0.051087177540019825,0.029217066323948482
2.846666666666705,-0.8057479466717585,0.020052503628611648,0.05520276063669105,0.033645456500181865
2.850000000000038,-0.8030189284564829,0.01960547246073854,0.04855419092436979,0.030959627876610298
2.8533333333333717,-0.8046503889606008,0.02167229732905194,0.03554502909836943,0.0354178966901429
2.8566666666667047,-0.8054132560988287,0.019125900960054044,0.04983532714151699,0.03290257349186125
2.8600000000000385,-0.8002020845558195,0.018631586677906025,0.048182036526807345,0.03493974178935737
2.8633333333333715,-0.7942112067933798,0.01940129868838374,0.04025257059506132,0.027303696794135152
2.8666666666667053,-0.7967996424521224,0.019284224223151653,0.039236127293406024,0.033058394838048274
2.8700000000000383,-0.7950057674226916,0.02214997056229244,0.04976655342910556,0.03734176399620243
2.873333333333372,-0.7910097679821914,0.019090959846808437,0.04455755159259448,0.03324766980627245
2.876666666666705,-0.7976705043118915,0.020567297010303787,0.04857871587060548,0.035389374274343785
2.880000000000039,-0.7888968049061015,0.020821670179501445,0.05580172047395591,0.03012926412034355
2.883333333333372,-0.7913723439902252,0.018211829321423643,0.03651826373473496,0.02955266195486622
2.886666666666706,-0.7891914725875969,0.018794135216640362,0.036562712618255104,0.03161727275081958
2.8900000000000388,-0.7853690952652811,0.01853983622166125,0.03128037616649313,0.03023743213920032
2.8933333333333726,-0.7852140632622908,0.019570586891467713,0.04296663341680108,0.029676579672496515
2.8966666666667056,-0.7857050415419845,0.01997513142685162,0.0396939388575873,0.03806544891267352
2.9000000000000394,-0.7841245231329859,0.020801771410040113,0.051188077713524675,0.037696823525156235
2.9033333333333724,-0.780684331866068,0.019644195307940822,0.03321016210747575,0.027684560982900494
2.9066666666667063,-0.7787586445449758,0.01791642825997305,0.03799287867898388,0.029500467436046007
2.910000000000039,-0.7781482681104436,0.019594393677648706,0.042384276946950204,0.026090525535272267
2.913333333333373,-0.7761654887683012,0.019060101471033854,0.04318623732175605,0.02964086626916455
2.916666666666706,-0.7701620226813498,0.02002158326798041,0.04355979203954248,0.02893887236614259
2.92000000000004,-0.7713994012996898,0.0199046796326526,0.04304876985991403,0.034260752043003516
2.923333333333373,-0.7712530656727964,0.019029515602316426,0.035120504195304256,0.03883900676430956
2.9266666666667067,-0.7722073089458819,0.019396343679535064,0.05006473305370711,0.027299586561391042
2.9300000000000397,-0.7701500951588023,0.019261859556328524,0.0509126626458696,0.03257074193579411
2.9333333333333735,-0.768494841563127,0.018673324061078182,0.015341308310844955,0.03280793542833632
2.9366666666667065,-0.7665014151550098,0.020385982173192558,0.04482048417607041,0.02752307919119059
2.9400000000000404,-0.7668699829739126,0.018853003992069742,0.03578003610693228,0.0330420985463109
2.9433333333333733,-0.7621633142298473,0.019336293834620506,0.037751710402915424,0.027335074893169713
2.946666666666707,-0.7643178742416956,0.019730862795517765,0.02898683744439451,0.033349639732444904
2.95000000000004,-0.7617195994049388,0.019554753495933105,0.040349630014627755,0.02736084641496215
2.953333333333374,-0.7606065748548193,0.017828049346596035,0.027098739795916423,0.036692758874299736
2.956666666666707,-0.7598195910739955,0.019573065340199026,0.037074134903284706,0.034288991365243375
2.960000000000041,-0.7562246807791467,0.019221432720907546,0.032702180515256286,0.027181616532614618
2.963333333333374,-0.7537661342531187,0.01918489617515587,0.0393459892965129,0.025633138273273792
2.9666666666667076,-0.7530981842148993,0.020013443842289938,0.057143868893754696,0.029693596412571566
2.9700000000000406,-0.7511631080951183,0.01993663007074322,0.0420000001021164,0.03206810971738061
2.9733333333333745,-0.752609009133694,0.01838050648323824,0.03772826574894839,0.024050975447120346
2.9766666666667074,-0.7490210185339031,0.020559014980112686,0.03646469300493958,0.02674679421404757
2.9800000000000413,-0.7497262802689666,0.01864812965587601,0.030927665614309607,0.02394428359171357
2.9833333333333742,-0.750282198017801,0.0196659722908607,0.041078335720445884,0.03079078708480065
2.986666666666708,-0.7469015385322891,0.019303748582609383,0.018739547925147593,0.027840304564545323
2.990000000000041,-0.7460962272472538,0.01978446166898554,0.024009641990965575,0.03195713971937707
2.993333333333375,-0.7422443986725965,0.019570151328311487,0.02899283860970274,0.02828437492849671
2.996666666666708,-0.7426739421146444,0.01948027381530414,0.03457967602560873,0.025345677501270755
3.0000000000000417,-0.7387767816977778,0.018847006707111102,0.039534586993148386,0.02943735241072571
3.0033333333333747,-0.741988960457554,0.019336423649821036,0.028421964428531173,0.039186521256839135
3.0066666666667086,-0.7379980450345173,0.018761281894095396,0.017904140867714413,0.028469978229035076
3.0100000000000415,-0.736441645307001,0.018638916539629735,0.037667213503795455,0.029495964469414063
3.0133333333333754,-0.731374118620931,0.01849866282198497,0.023261092257546977,0.02389774791143789
3.0166666666667084,-0.7349126515781481,0.019010524322724636,0.029156711423051703,0.029911973867731152
3.020000000000042,-0.731167632845741,0.017311589812862245,0.024056771402936335,0.02504858068186378
3.023333333333375,-0.7298077534475096,0.018992883613607903,0.03908301670296086,0.024317889070366583
3.026666666666709,-0.7304935347177811,0.018792970620222574,0.025844849031444062,0.03002169655312738
3.030000000000042,-0.7281328788827147,0.019023336290504535,0.02533030611836589,0.026515672410860443
3.033333333333376,-0.7279022296182297,0.01896698827755765,0.02103712746819843,0.026526265513338323
3.036666666666709,-0.7262983916997671,0.01918364485080098,0.03259972002252962,0.02861206315375943
3.0400000000000427,-0.7249079463028341,0.01894190608534774,0.036559752006903035,0.026722023195392047
3.0433333333333756,-0.7234764196176866,0.01949998235980583,0.03215487105176199,0.030578216765952605
3.0466666666667095,-0.7183268446639958,0.018409382572260265,0.02239439893413385,0.029334340434098907
3.0500000000000425,-0.7233765646681163,0.019253603185547623,0.04217335479509412,0.029474397351509078
3.0533333333333763,-0.7226467254305391,0.020198317761736244,0.030905781221598344,0.028150880308275533
3.0566666666667093,-0.720990334362668,0.020142311162159348,0.03020364079018363,0.033344623853960066
3.060000000000043,-0.7217121122002148,0.02020851824780456,0.033375635191466684,0.03740641147501685
3.063333333333376,-0.7219776785667001,0.018579292807873005,0.03317495506659883,0.025867674429360228
3.06666666666671,-0.7146971912044457,0.018376087530752913,0.02493414687078568,0.030225243932599222
3.070000000000043,-0.7139848102257476,0.01822858991394928,0.022013722773123242,0.03206657031353891
3.0733333333333768,-0.7139332104287259,0.018731395428348445,0.034209241918585556,0.028978654031349693
3.0766666666667097,-0.7114482796485483,0.019469140899583192,0.02166729350114382,0.030936824345470054
3.0800000000000436,-0.7111565082114705,0.017141403069170957,0.031041888446808916,0.02791243389202496
3.0833333333333766,-0.7122321167595984,0.018324226165395228,0.02490802163138589,0.03173698020863135
3.0866666666667104,-0.7115435217900093,0.019457283405927995,0.02816691346718503,0.02659974035354139
3.0900000000000434,-0.7081076070579869,0.01810940987656517,0.02594770961034205,0.029312216969152982
3.0933333333333772,-0.7054524438623,0.018783738292916675,0.025444368938602094,0.025099547270906082
3.09666666666671,-0.7037123932698222,0.019257550674664992,0.020849249884368013,0.02173633449915219
3.100000000000044,-0.7026995219071166,0.018819103695842353,0.032904741057988254,0.027326234387559975
3.103333333333377,-0.7027526680863745,0.019311953169378098,0.026425045050531035,0.028197406032487337
3.106666666666711,-0.7012335485185378,0.019381847175246783,0.0322486097888327,0.0227660964631431
3.110000000000044,-0.701574415952164,0.019174117111835167,0.030304180909579793,0.026545280299940723
3.1133333333333777,-0.7009833201476874,0.019583126966653524,0.043889137923649124,0.02925017807480224
3.1166666666667107,-0.6963128393043111,0.017831435599817272,0.031011922446178734,0.021302792247277193
3.1200000000000445,-0.6968407323895085,0.018286453403888552,0.019020284080293985,0.02334150817552409
3.1233333333333775,-0.6975455012505568,0.018962432209245098,0.031005401159333004,0.024395027968450195
3.1266666666667113,-0.6958318733291451,0.019251307529969938,0.0357898780375317,0.025775126210973946
3.1300000000000443,-0.6957853968845985,0.018618017856817385,0.02088413689576136,0.029741920785564806
3.133333333333378,-0.6920383788271174,0.018262470644299034,0.018096739406585835,0.02537313787740493
3.136666666666711,-0.6918803103615413,0.01893230806606122,0.027918983859606183,0.02766626401639809
3.140000000000045,-0.6907338433848498,0.018673687893970108,0.02388641733212618,0.02868359140833428
3.143333333333378,-0.6894360720980142,0.018446894243420168,0.01927837570694654,0.028799390089600897
3.146666666666712,-0.6885965919704479,0.019619126100791445,0.016746629360037953,0.027438406371891128
3.1500000000000448,-0.6883274667929306,0.018393550735671352,0.02558527709706179,0.028244498942786817
3.1533333333333786,-0.6853605688607891,0.01834792291393033,0.022170074072225373,0.02373180557735696
3.1566666666667116,-0.6856866511947561,0.018902387852635573,0.02971730350007865,0.02724209945245064
3.1600000000000454,-0.6834526428415146,0.018519210257629502,0.02539231851092535,0.028943429236946115
3.1633333333333784,-0.6816654795049357,0.018523467201744217,0.026231926437349617,0.027945647409905676
3.1666666666667123,-0.6819658224571703,0.018863337379387096,0.027108381729464188,0.0258947337961531
3.1700000000000452,-0.6814863491377895,0.01747547731080062,0.021905581160893705,0.02524637014103621
3.173333333333379,-0.6774854797986918,0.018102086923061193,0.025475375147882198,0.028268421969064827
3.176666666666712,-0.6768323996706613,0.017976259969315213,0.029149149856936035,0.02596328241256677
3.180000000000046,-0.6812328640688274,0.018256273456636517,0.024970714210696413,0.025476246382817626
3.183333333333379,-0.6759597162624243,0.018059567195432058,0.015887577554368586,0.026118130523253468
3.1866666666667127,-0.674528509086312,0.019114580284609405,0.02414114825990466,0.027441890125255497
3.1900000000000457,-0.6708277939176245,0.017532418770839334,0.017814362916117477,0.025640755658544092
3.1933333333333795,-0.6743338522755592,0.01794879800789151,0.0328571715171789,0.026787733087497025
3.1966666666667125,-0.6713612908409891,0.017136398395075702,0.02487485503552576,0.02600833529316211
