"{'t_min': 1.2, 't_max': 3.2, 't_step': 0.0033333333333333335, 't_top': 4, 'N': 150, 'n_steps': 200000, 'n_burnin': 120000, 'n_analyze': 5000, 'B': 0.0, 'flip_perc': 0.1, 'dir_out': 'data', 'plots': False, 'print_inp': False, 'use_cpp': True, 'date_output': False, 'file_prefix': '', 'multiprocess': True, 'skip_prog_print': False, 'use_gaussian': False, 'B_top': 1}"
N,n_steps,n_analyze,flip_perc
150,200000,5000,0.1

Temp,E_mean,E_std,M_mean,M_std
1.2,-1.988198744628305,0.002089884334898272,0.9969191531892728,0.0005608851634250103
1.2033333333333334,-1.9875550603217949,0.002193342301783938,0.9967518667145523,0.0005901354930737176
1.2066666666666668,-1.9875702825301311,0.0022160971730925995,0.9967548362277322,0.0006005347893412548
1.2100000000000002,-1.9870011712532325,0.0022326682007186623,0.9966002811453633,0.0006153179604416618
1.2133333333333336,-1.9870525965525594,0.002091674092048662,0.9966168353666804,0.000567981783142483
1.216666666666667,-1.9867059301199688,0.0021872917505123012,0.9965192514148848,0.0005963370935580848
1.2200000000000004,-1.986688361999678,0.0022248482484868086,0.9965253863293639,0.0006030351670640544
1.2233333333333338,-1.98629823940519,0.0023240512467405045,0.9964144123890658,0.0006379295407561007
1.2266666666666672,-1.986005131948898,0.0022469003043304576,0.9963375439785032,0.0006085828143582819
1.2300000000000006,-1.985652600605265,0.002297771574250877,0.9962542566759011,0.0006197607993686709
1.233333333333334,-1.985436236078583,0.0023547006905502133,0.9961864561241945,0.0006402619409270089
1.2366666666666675,-1.9849393545663174,0.0023768468948609884,0.9960350476758293,0.0006636249015013415
1.2400000000000009,-1.9847439725438603,0.0024348920327428936,0.9959990054184161,0.0006471454768008954
1.2433333333333343,-1.9846968158385019,0.002289346516403152,0.9959706974330008,0.0006245618783223304
1.2466666666666677,-1.9842649433321418,0.0024129726874343935,0.9958809019565869,0.0006522423327410756
1.250000000000001,-1.9836818563101124,0.002630823772830297,0.9957065200729355,0.0007314390707263024
1.2533333333333345,-1.9836141086383017,0.0023677112562980373,0.9956767546055102,0.0006539788192080578
1.256666666666668,-1.983221461162922,0.0024244058044951685,0.9955861758985479,0.0006681432180619024
1.2600000000000013,-1.9830138460591593,0.0026677407074030346,0.9955361567632893,0.0007254695922311774
1.2633333333333348,-1.9827826192651326,0.0027121483826075335,0.9954752561020169,0.0007457310272888675
1.2666666666666682,-1.982791650483646,0.002421626578335466,0.9954799858301395,0.000648316523402786
1.2700000000000016,-1.9822436649815085,0.0025649652461647078,0.9953132503913579,0.0007090436879574321
1.273333333333335,-1.981865348852165,0.0025843706029895076,0.9952249306992402,0.000715616314628224
1.2766666666666684,-1.9813854655496452,0.0026715042760197772,0.9950824134300699,0.0007415788067685401
1.2800000000000018,-1.9811239379433352,0.0026952571669064257,0.9950231477770239,0.0007498578305170826
1.2833333333333352,-1.9803206836445184,0.0027219260608518157,0.9947799172108591,0.0007591647379817672
1.2866666666666686,-1.9805853410968066,0.002699212849674118,0.9948460644401296,0.0007509826773884792
1.290000000000002,-1.9800592976394809,0.002943368839416523,0.9947184829932257,0.0008213225248335507
1.2933333333333354,-1.9795788465249202,0.002732446683915,0.9945898355066979,0.0007565755303867516
1.2966666666666689,-1.9793492889948,0.002747515153244057,0.9945380201957826,0.000764518711028088
1.3000000000000023,-1.9792342434455976,0.002762732306264608,0.9944932825638308,0.0007651000185460959
1.3033333333333357,-1.9787572767763622,0.0028457296843341835,0.9943683329976352,0.0007931914920185552
1.306666666666669,-1.9780362795581576,0.0029713960545411817,0.9941599002526411,0.0008345636109154111
1.3100000000000025,-1.9776280918796674,0.0029036848447943245,0.9940553993600729,0.0008149904811773752
1.313333333333336,-1.9775491777146474,0.0026866670395037933,0.9940471663239432,0.0007620526814675544
1.3166666666666693,-1.9770288600709873,0.0029310874547800727,0.9938962918015618,0.0008266409143843138
1.3200000000000027,-1.9770726384723585,0.0030220964938334053,0.9939092722600116,0.0008388143217144898
1.3233333333333361,-1.9764818366848724,0.0028775523442123793,0.9937567263275272,0.0007991738769620666
1.3266666666666695,-1.9761588913031782,0.002995246826701413,0.9936473889812562,0.0008559619421186503
1.330000000000003,-1.9751754405618214,0.003220202272638816,0.9933592957195031,0.00091406234529338
1.3333333333333364,-1.9748826900895393,0.003116272425409477,0.9933001546293145,0.0008807898117929961
1.3366666666666698,-1.974859218259744,0.003211287317838497,0.9932708161119033,0.0009099547000146012
1.3400000000000032,-1.9745448088498085,0.0032326601000012426,0.9932020551611314,0.0009024547636823372
1.3433333333333366,-1.9738763381681768,0.003325624805744586,0.9930260735145686,0.0009356276045054861
1.34666666666667,-1.973286388539915,0.0031428308142682345,0.9928590884612164,0.0008926279964681783
1.3500000000000034,-1.9733335085214674,0.0030146588725269365,0.9928906324458708,0.0008600573051693166
1.3533333333333368,-1.972294475107485,0.003228437971577502,0.9925678300962469,0.0009217600484267166
1.3566666666666702,-1.9720550665595002,0.0031934407762569156,0.9925010436700568,0.0009073754535839876
1.3600000000000037,-1.9720856513374208,0.0032904987056458918,0.9925344546667741,0.000932803040074063
1.363333333333337,-1.971722236369271,0.003281733861792729,0.9924155503755857,0.0009356983334918008
1.3666666666666705,-1.9710410339495115,0.0033936025095105994,0.9922266769323331,0.0009592241686851548
1.3700000000000039,-1.9700308402888083,0.0035767738127073802,0.9919373742888798,0.0010124520464473985
1.3733333333333373,-1.9698190653555439,0.003451685653527522,0.9918796028416499,0.000989949767966923
1.3766666666666707,-1.969428836238172,0.0034366847687743963,0.9917891306218015,0.0009808885741776903
1.3800000000000041,-1.9686083698969026,0.003522365012998142,0.9915318172272264,0.0009937598353326324
1.3833333333333375,-1.96864585309869,0.003476046786968068,0.9915582219537055,0.0010210445580636802
1.386666666666671,-1.968586391271365,0.0034139392392673307,0.9915591470359159,0.0009691962226096854
1.3900000000000043,-1.967098947858114,0.003470519716784576,0.9911189335158979,0.0010060624547196
1.3933333333333378,-1.9670589750207503,0.0035560796672328074,0.9911223831093772,0.0010134321998081337
1.3966666666666712,-1.9666191724615827,0.0034631777280681284,0.9909900195075407,0.0009891878786361112
1.4000000000000046,-1.9653997286054272,0.0037696578491432015,0.9906471414693858,0.001092919259842456
1.403333333333338,-1.9659661004533289,0.0036713456741861335,0.9908596999432044,0.0010423780869729244
1.4066666666666714,-1.9641989909975404,0.0037865090362752935,0.9903282863923516,0.0010849841865858169
1.4100000000000048,-1.9645773065068717,0.00382839037556173,0.9904287152944695,0.001118235185103478
1.4133333333333382,-1.9642639642573518,0.003911943588999134,0.9903216361999512,0.0011370071902723588
1.4166666666666716,-1.9630551178661864,0.0038609540100385427,0.9899758072132158,0.0011274455520154
1.420000000000005,-1.9623863626465985,0.0036286446726176568,0.9898062790720719,0.0010609053284842047
1.4233333333333384,-1.9628031211129235,0.00361680066489124,0.9898934967876983,0.0010509896900369226
1.4266666666666719,-1.9615210881112075,0.003809116806846292,0.9895581946560897,0.0010981499110369612
1.4300000000000053,-1.96077380957282,0.0038895864500226884,0.9893130782747965,0.0011438555101012733
1.4333333333333387,-1.9596265221052251,0.003959535886539285,0.9889961087505778,0.0011961074355678785
1.436666666666672,-1.9602753278326335,0.003936511096276581,0.9891881293047664,0.0011559026024849386
1.4400000000000055,-1.959662333920756,0.004047883049501087,0.9890062086795373,0.0011958025520984348
1.443333333333339,-1.9586262869152886,0.003950105279851594,0.9886935240484567,0.0011524490369909015
1.4466666666666723,-1.9575512277338356,0.003986133811527693,0.9884009853938408,0.0011868452356697998
1.4500000000000057,-1.9570382367040806,0.004135647454258757,0.9882485811937854,0.0012262424504018148
1.4533333333333391,-1.9571311259226791,0.0040659841901559595,0.9882944396529872,0.001186387774891134
1.4566666666666725,-1.9561056759291158,0.004076101562271017,0.987968668076343,0.0012104542716066266
1.460000000000006,-1.9562611207887635,0.003928719598411403,0.9880512091225924,0.0011584653407059522
1.4633333333333394,-1.9556165472653704,0.00430819989472156,0.9878937368584672,0.0012769284073140014
1.4666666666666728,-1.9549865552868264,0.0046118659587261615,0.9876433582896351,0.0013871967908660595
1.4700000000000062,-1.9543298554911712,0.004261926284769939,0.9874682295534654,0.0012715727235885334
1.4733333333333396,-1.9526266874516336,0.004497405535900222,0.9869518426089888,0.0013694410841860966
1.476666666666673,-1.9529604793286461,0.004171423054767174,0.9871003880193648,0.001241126319872343
1.4800000000000064,-1.9514962206317987,0.004342142806607827,0.9866415938989571,0.0013087783278337441
1.4833333333333398,-1.9510724553348398,0.004334428255043459,0.986520005240634,0.0013271797421653098
1.4866666666666732,-1.9498035794235415,0.004488354928954004,0.9861363021343511,0.0013739153068187606
1.4900000000000067,-1.9499289378043914,0.004569359822889958,0.9862211010031138,0.00134588959416107
1.49333333333334,-1.9491744407727065,0.004470438475000348,0.9859660632921758,0.0013288100644403334
1.4966666666666735,-1.9478087613381823,0.0044005162179617365,0.9855301720210375,0.0013474822766933398
1.5000000000000069,-1.9474591806569703,0.004680861443331371,0.9854695192573786,0.0014225713421678558
1.5033333333333403,-1.9469151427016589,0.005045372520999278,0.9853098611040911,0.001525884081959048
1.5066666666666737,-1.946148090206115,0.004762874149372719,0.9850767306576588,0.0014682865244176886
1.5100000000000071,-1.9453229658554545,0.004806314907165646,0.9848181010842634,0.0014818454231253502
1.5133333333333405,-1.9440843528403022,0.0047664720746527535,0.9844816427131633,0.0014769118161041973
1.516666666666674,-1.9442448823731955,0.004597494025317952,0.9845061450391847,0.0014207857282921591
1.5200000000000073,-1.9436396416198447,0.005017823056757606,0.9843286345138099,0.0015256549530551602
1.5233333333333408,-1.9426564760841496,0.005006632012164154,0.9839891176816105,0.001555689754898738
1.5266666666666742,-1.9419270853062442,0.004861857940529982,0.9837945898930343,0.0015260002016901156
1.5300000000000076,-1.9420302894311468,0.0044619820380337235,0.9838953916967857,0.0013929970705407226
1.533333333333341,-1.9393281658593835,0.0049778228303945385,0.9830095798379304,0.0015506736796337256
1.5366666666666744,-1.93805576937512,0.004662159124886587,0.9826305352418178,0.0014413355306806981
1.5400000000000078,-1.9383188261940947,0.005130303864523313,0.9827204194157618,0.0016014583541309353
1.5433333333333412,-1.93789043798998,0.0049881101412760035,0.9825985994809244,0.0015572901217938823
1.5466666666666746,-1.937576278492698,0.00481434923685294,0.9825613304337733,0.0014697828654304617
1.550000000000008,-1.9356936622700898,0.004996238386709141,0.9818735840344911,0.0015745951343185802
1.5533333333333414,-1.9350617846433438,0.0052245071401618775,0.9817921989534969,0.001650186856371258
1.5566666666666749,-1.9352307076405515,0.0049419183577403035,0.9818697606808997,0.0015103252924771565
1.5600000000000083,-1.9339804667953397,0.005260380427708666,0.9814789984840993,0.0016035264768871444
1.5633333333333417,-1.9325439844591232,0.005216363876638121,0.9810062280820117,0.0016541616907362828
1.566666666666675,-1.9318082634270919,0.005052877144114277,0.9807254430603375,0.0016001943851380786
1.5700000000000085,-1.930325301343571,0.005404680641515155,0.9803785295647653,0.0016878834266752464
1.573333333333342,-1.9297635888643183,0.005393362955863628,0.980125874620744,0.0016751446409057724
1.5766666666666753,-1.9281753955971934,0.005268189811349176,0.9796559853323891,0.0016556240217726098
1.5800000000000087,-1.9273620422517426,0.00559910278297565,0.9793854602266965,0.00172881936776429
1.5833333333333421,-1.9274208988278216,0.005114499119556722,0.9794779055522522,0.0016378800740020156
1.5866666666666756,-1.9252343990011533,0.0054211870165945366,0.9787148200027656,0.0017470547316850971
1.590000000000009,-1.9259846298235324,0.005213752251645286,0.9789598998271792,0.0016818681892423124
1.5933333333333424,-1.9238638141961737,0.00579074758834553,0.9783022033140454,0.0018294164173842365
1.5966666666666758,-1.9239021149795754,0.005703137245705394,0.9782851338863469,0.0018876008394732033
1.6000000000000092,-1.9211019827475855,0.005750281746668743,0.9774909479471654,0.0018612309647040091
1.6033333333333426,-1.9211365134984546,0.005525827623070122,0.977465182942232,0.0017531022695239248
1.606666666666676,-1.9216456995842146,0.005667333384447402,0.9776415203208565,0.0018386944158272996
1.6100000000000094,-1.9207986688871435,0.005679899356616121,0.9774526298153422,0.0018289384851485507
1.6133333333333428,-1.917975169106659,0.00578766836557751,0.9764706016803031,0.00186846368810302
1.6166666666666762,-1.9172689313768363,0.00590547644583194,0.9762145506784806,0.00192033945161298
1.6200000000000097,-1.916314855006295,0.005829364210419571,0.9759794992789146,0.0019298264382504584
1.623333333333343,-1.9154343587395,0.00585540028326572,0.9757937195778466,0.0018837083527414866
1.6266666666666765,-1.9142806697402102,0.005788993193526587,0.9753405267917101,0.0018593578489811504
1.6300000000000099,-1.91412888939177,0.006271596545197536,0.9752860981050695,0.002056889207025984
1.6333333333333433,-1.912756559681382,0.005849674658001195,0.9748345225494989,0.0019258852430613842
1.6366666666666767,-1.9114643545908125,0.006172850814543185,0.9744215691583256,0.002035182807441361
1.6400000000000101,-1.9094178656097125,0.0062499364216914615,0.9738145492558099,0.0020823064276813672
1.6433333333333435,-1.9078247635620644,0.005949847123821939,0.9732827096730381,0.001983918692451757
1.646666666666677,-1.908262540183322,0.0064502591806122654,0.9734619273069167,0.0020891776893800736
1.6500000000000103,-1.906942026952334,0.006052819329688024,0.973109892950842,0.0019242045650843342
1.6533333333333438,-1.9062262569148198,0.005852056899273618,0.9728699865210507,0.0019941587496869377
1.6566666666666772,-1.9043562656689892,0.006591872598119831,0.9722474264631178,0.0022004783906620306
1.6600000000000106,-1.9031034284268504,0.006107783566685615,0.9718098099242689,0.0019138057590936323
1.663333333333344,-1.9027745093696473,0.006901119670781355,0.9717392003591072,0.002367054291029406
1.6666666666666774,-1.901752296651118,0.006389046971011186,0.9713827908504102,0.002196502715169476
1.6700000000000108,-1.8999958206687266,0.006602029275830778,0.970701730628089,0.0022587843525289524
1.6733333333333442,-1.9006838869108966,0.006219907282593801,0.9711076601859832,0.0020648347373138924
1.6766666666666776,-1.8967615031413876,0.0064743066314328435,0.9696618071625914,0.0022549367374485405
1.680000000000011,-1.8978769258394983,0.006259297049657651,0.9701664412729882,0.0021371517913885306
1.6833333333333445,-1.8961187441078609,0.006480110132283903,0.9695139197164307,0.0022236231151014523
1.6866666666666779,-1.8939064265632897,0.006922329325742634,0.9688160911181565,0.002454900027598034
1.6900000000000113,-1.8923692294038947,0.006953648340166621,0.9682825980817921,0.002484938121139567
1.6933333333333447,-1.8928709841413627,0.007173602265026928,0.96854336101023,0.002554715355419425
1.696666666666678,-1.8900874586528862,0.006919172300966042,0.9675433570968077,0.0024587015235963
1.7000000000000115,-1.8907632208938812,0.006975075014335385,0.9678142378391755,0.002321904527309013
1.703333333333345,-1.887750243658923,0.007059911603679398,0.9668168831548827,0.002454908108315097
1.7066666666666783,-1.8871449317949298,0.006861751601340483,0.9665846408403118,0.002438720293820922
1.7100000000000117,-1.8868870677698086,0.007021732283924157,0.9665615785644159,0.0023455687253655546
1.7133333333333451,-1.8851122054654996,0.007192534439229125,0.9658968058508094,0.0025704769982257125
1.7166666666666786,-1.883361881841395,0.007518604073734018,0.9653775737294675,0.0026045206536082083
1.720000000000012,-1.8812639330787453,0.007098469816955707,0.9647047105467923,0.0025069511139076558
1.7233333333333454,-1.8803421841261028,0.007320086952323139,0.9642675917228238,0.0026646548958000763
1.7266666666666788,-1.8791500158990997,0.0075926596157281385,0.9639830728677969,0.0026211562131431745
1.7300000000000122,-1.8786675368196655,0.007378057718079521,0.9638882443937785,0.0025720303709599783
1.7333333333333456,-1.8770260348227483,0.006741369545365093,0.9633272082644907,0.0023928653120226027
1.736666666666679,-1.87452224572436,0.00792198072342487,0.9623516173833941,0.0030244209869800002
1.7400000000000124,-1.8737888358835937,0.006991022688447901,0.9622550475332684,0.0025463702908592
1.7433333333333458,-1.87272220562639,0.008072294272874588,0.9619155485025762,0.0028517674802259227
1.7466666666666792,-1.870627278851423,0.007975763816755261,0.9611787788270354,0.002810522481477811
1.7500000000000127,-1.8684646426546356,0.008000504033650574,0.9601102098867306,0.0028510457832100194
1.753333333333346,-1.8686820728393954,0.007650939627226155,0.9602989586836626,0.0028105344357784168
1.7566666666666795,-1.868083304275296,0.0072957065518275185,0.960266898514915,0.0026303919624620724
1.7600000000000129,-1.8647564526771778,0.007582401737622876,0.9589802057868506,0.002624088465027566
1.7633333333333463,-1.8634625064489674,0.007864228581946802,0.9586780298159203,0.002854865010513339
1.7666666666666797,-1.8630828384543257,0.008854272951988937,0.9583827526384794,0.0033456582613325746
1.7700000000000131,-1.8605576766970444,0.008193311486821231,0.9578445649404578,0.003033674420880951
1.7733333333333465,-1.8584878944020005,0.008026825769589012,0.9569739727860428,0.002867785648068267
1.77666666666668,-1.8566595096782723,0.008814274396468235,0.9561411659344121,0.0033062046260067895
1.7800000000000133,-1.8558373733338511,0.007797254399750562,0.9559663925964514,0.0027519546866804196
1.7833333333333468,-1.8534927618792114,0.008244119351207885,0.9551191478997475,0.0031953199642789703
1.7866666666666802,-1.8517348988339004,0.008246822086491813,0.9544296944277314,0.003076911689026019
1.7900000000000136,-1.8495449143472875,0.008003412187928095,0.953565058516941,0.0029565953849303456
1.793333333333347,-1.8498657964949465,0.008223080285763858,0.9541674016069999,0.003060009008148734
1.7966666666666804,-1.8482226227779202,0.008400994604691991,0.9531808401923534,0.0032276678865489055
1.8000000000000138,-1.848879109193955,0.008277694190384006,0.9537478871382721,0.0030890446867665607
1.8033333333333472,-1.845526972563893,0.00915534704857411,0.9523542389127583,0.0034750204739507633
1.8066666666666806,-1.8433830412322698,0.008641327508612946,0.9517032463780926,0.0033795891852087027
1.810000000000014,-1.8419385199833926,0.008701542400826058,0.9510666750674011,0.0033007678004076425
1.8133333333333475,-1.839497675893783,0.008420267821603385,0.9501986440645979,0.0031964148611633497
1.8166666666666809,-1.8385573632241632,0.008745597390937906,0.9498042362669654,0.0032697485143108524
1.8200000000000143,-1.8353601729161597,0.009079021745543267,0.9486749440366017,0.0035358714747185534
1.8233333333333477,-1.8336963376943578,0.008725969018636098,0.9479624101771763,0.003486480271383095
1.826666666666681,-1.8307378810270951,0.008955995366661208,0.9467393390701685,0.003409555379512611
1.8300000000000145,-1.831050120703958,0.008451135673049759,0.9471017579289288,0.003225600244362751
1.833333333333348,-1.8280231686777342,0.009364225116881762,0.9459406025148817,0.003506819174745676
1.8366666666666813,-1.8260773216445199,0.008614126882856777,0.9453834771847672,0.0033013129025029836
1.8400000000000147,-1.826328536848422,0.008403784669239972,0.9454399863584777,0.003284910294067573
1.8433333333333481,-1.824964921911804,0.00864664640104591,0.9450477659642684,0.003265642983416146
1.8466666666666816,-1.8221772722683804,0.00930264086609601,0.9442018896585752,0.003614961325372919
1.850000000000015,-1.8186907426527343,0.009207376699269102,0.9424059392094827,0.003577690535286354
1.8533333333333484,-1.8188570340553936,0.008862172988888814,0.9426708991204674,0.0035710723856278944
1.8566666666666818,-1.81757930348601,0.009497971279194682,0.9423732750295138,0.0037987376784990776
1.8600000000000152,-1.8138872578898104,0.009477200976935548,0.940826583299715,0.003819701691651149
1.8633333333333486,-1.8118969929363757,0.0090675458814204,0.9393783292309669,0.0041176031314359455
1.866666666666682,-1.8094370160777227,0.00983221665731215,0.9389842050651188,0.004147863824627848
1.8700000000000154,-1.8084763974326925,0.009385739615159408,0.9383899710444981,0.003857542666856946
1.8733333333333488,-1.8048860609686406,0.010199141285441667,0.9373052028876158,0.004146815359845793
1.8766666666666822,-1.8016657548132933,0.009185269542785585,0.935463216333872,0.0038606177524807632
1.8800000000000157,-1.8034115616000397,0.009350424981350702,0.9368410736924531,0.0038748741876559645
1.883333333333349,-1.800423337617238,0.010292795169554673,0.9351459799182013,0.004594652736842367
1.8866666666666825,-1.799831396676369,0.010230715515884444,0.9354916844374658,0.004249565887747297
1.890000000000016,-1.7936803358844529,0.009798294177568145,0.9322116513160688,0.004199238124080751
1.8933333333333493,-1.7927689717087323,0.009837671441254144,0.9324454755324272,0.004287224757639867
1.8966666666666827,-1.7901083503300772,0.010533123077563862,0.9310417284152822,0.004527992654211985
1.9000000000000161,-1.788909178086342,0.009994354313906034,0.9311431528902406,0.004301151636373463
1.9033333333333495,-1.786915535282006,0.010166487694835006,0.9298130558786165,0.004433347225222336
1.906666666666683,-1.7851992800226686,0.01007381577511909,0.929441497108416,0.0043267955661744515
1.9100000000000164,-1.7840629096364087,0.010639922224488172,0.9295860773373852,0.0044594114745411095
1.9133333333333498,-1.7836545097229362,0.010187764157273536,0.9289613123487582,0.004222956562833789
1.9166666666666832,-1.7774628696262325,0.01134121299485393,0.9262811852994264,0.004856828449745827
1.9200000000000166,-1.7787041145459392,0.009843831302223325,0.9267687321329241,0.004629676243719718
1.92333333333335,-1.7737855472715407,0.009811185275299724,0.9246119986917763,0.0047610336369400775
1.9266666666666834,-1.7699688191794472,0.010772510808443823,0.9224889603202928,0.005040672492227656
1.9300000000000168,-1.7678830339851845,0.010159370348153129,0.9222096686340328,0.004606093516879216
1.9333333333333502,-1.7649349588993954,0.011762450804989551,0.9208452179685166,0.005617245608964126
1.9366666666666836,-1.7678041554470256,0.009757809563636147,0.9226535796093736,0.0043605182359372
1.940000000000017,-1.7630288369370881,0.010643317926502124,0.9201570619676418,0.005236071516959886
1.9433333333333505,-1.7599059004715907,0.010731448690263242,0.9175170145408705,0.006070007292638262
1.9466666666666839,-1.7565946249896036,0.01150386117766564,0.9174914624863182,0.0049818053051850185
1.9500000000000173,-1.7586285616784458,0.010669525089935522,0.9189853080274296,0.0048182681701652375
1.9533333333333507,-1.7544498409979772,0.012122198880133883,0.9171803424920671,0.005474863447279796
1.956666666666684,-1.7521253235460783,0.011296389860608222,0.9161829873546884,0.005028573415531339
1.9600000000000175,-1.7421231087409728,0.012103784165820254,0.9095135651533307,0.006773526392105746
1.963333333333351,-1.7445454608204127,0.011261150207890553,0.9121095868772829,0.00541257771907775
1.9666666666666843,-1.744817123624844,0.011153100352190333,0.9126779668138942,0.005574146921296914
1.9700000000000177,-1.739036304661216,0.012682393216993985,0.9100219159513551,0.005915293997964535
1.9733333333333511,-1.7370627189688883,0.012449925535687922,0.9092987312939578,0.00605661590987127
1.9766666666666846,-1.7348189631517612,0.011893558824981486,0.9083029052857805,0.005928071255637767
1.980000000000018,-1.7329861697351296,0.01192059123764951,0.9072922138863503,0.006379818018533135
1.9833333333333514,-1.7310106637454505,0.012663003812726758,0.9057821343841255,0.0071389156847746675
1.9866666666666848,-1.7244647861981683,0.012912560383505705,0.9022072681452565,0.006638466486822363
1.9900000000000182,-1.7259708646059657,0.01118164294558941,0.9044498143541405,0.005670226898918439
1.9933333333333516,-1.7225369341160255,0.012424384194676332,0.9031131558834159,0.005949775250336232
1.996666666666685,-1.7216191684801498,0.011601643081842274,0.9022910182751234,0.005833954130595845
2.0000000000000187,-1.7138091452147013,0.012711149384518453,0.8975551907456762,0.00663482333168267
2.0033333333333516,-1.712912324572306,0.012064021353095956,0.8984889955395674,0.0061741717827663
2.0066666666666855,-1.7056902220640737,0.012796860455022603,0.8941820544775879,0.006682784042283795
2.0100000000000184,-1.7060415467683685,0.011500771529156906,0.8947908693634288,0.005787034876456769
2.0133333333333523,-1.6985353330632023,0.012064389312072732,0.8903371428198565,0.006266709224242483
2.0166666666666853,-1.703208481080295,0.01353626250590083,0.8945067766834006,0.006851020320278825
2.020000000000019,-1.6951483099144395,0.012764086434895119,0.8885314483765627,0.0080964416046933
2.023333333333352,-1.6932370665550804,0.01281097743532505,0.8864559223590361,0.008582216929516336
2.026666666666686,-1.6882515702635843,0.01252954938444108,0.8843799871333863,0.007271681534758001
2.030000000000019,-1.6920474941526849,0.012971175506284424,0.888493111978223,0.007178280279098558
2.0333333333333528,-1.6824587674159053,0.01246025396469793,0.8808646702747341,0.008174937282972994
2.0366666666666857,-1.6790410535386573,0.013029748739028896,0.8792537530318907,0.007357740777151389
2.0400000000000196,-1.6773368895685798,0.011981701102789814,0.8801255362180262,0.006538045064707144
2.0433333333333525,-1.6795920616961832,0.012169479467906752,0.88298964643507,0.007056947063182025
2.0466666666666864,-1.6744165194227734,0.012497763549822566,0.8809891573475179,0.007338139076369046
2.0500000000000194,-1.6714853020662497,0.01388344343756931,0.8776863108493967,0.0077319474300123646
2.053333333333353,-1.6665931946755792,0.014707862551431297,0.8731911534379783,0.009289888315890324
2.056666666666686,-1.6645379204062325,0.012370187302856255,0.8745756437359249,0.007698671807973959
2.06000000000002,-1.6613015764163575,0.013447778952397045,0.8719347954678712,0.008114761741143858
2.063333333333353,-1.6564474142081835,0.015111987291322508,0.8694786244116919,0.010071748938855677
2.066666666666687,-1.6521264787768573,0.013645724319935864,0.8671164280725827,0.00867894613466879
2.07000000000002,-1.6538027596488,0.01458222664094484,0.8707283501816788,0.008418675866368576
2.0733333333333537,-1.642911196136551,0.013468655192688455,0.8605055588081995,0.008142092022329565
2.0766666666666866,-1.6449462339434058,0.014522494787609074,0.8621704072493461,0.00924467410549247
2.0800000000000205,-1.6427527278822693,0.013281904966937652,0.8639444334551343,0.008810746576873222
2.0833333333333535,-1.6314550384470738,0.014158781982788707,0.8523940698197661,0.010589090598279713
2.0866666666666873,-1.6254159276975253,0.014823431479047567,0.8499347335411372,0.009397253108833449
2.0900000000000203,-1.6199362886550546,0.014564523202768999,0.8455694339875818,0.009673238473870303
2.093333333333354,-1.6256743260063298,0.01370519940123157,0.8523464159479998,0.009704240314737059
2.096666666666687,-1.618035963235509,0.014946804973700814,0.8492307880087409,0.008876092458216482
2.100000000000021,-1.6140889330944268,0.016597683616163907,0.8433485985112252,0.01233981436996178
2.103333333333354,-1.6049197037521898,0.014721294929267272,0.8352638175783693,0.008656429008573895
2.106666666666688,-1.6057946884911116,0.01391731664521579,0.8308552555690696,0.01656096110738158
2.1100000000000207,-1.6038494103668832,0.01452554772178823,0.8390594560352653,0.010505214603078052
2.1133333333333546,-1.598385880770362,0.014079689347005247,0.8320962680318542,0.009817821224491577
2.1166666666666876,-1.5947503462436796,0.013804462895555066,0.8323922032688971,0.009938577529308271
2.1200000000000214,-1.594406527336847,0.01662569568523406,0.8315149428582616,0.015242163557755362
2.1233333333333544,-1.588550705889698,0.01610549246112402,0.8290315308578493,0.011427483435983394
2.1266666666666882,-1.5763657979188763,0.016437685040129598,0.8177683537043102,0.01260533389783409
2.130000000000021,-1.5829570188501354,0.015655385867810637,0.8277231801340736,0.011445619513418189
2.133333333333355,-1.574547337183692,0.018279674779415604,0.8173582272234857,0.015819182662159585
2.136666666666688,-1.563956276372233,0.01391048157351704,0.80139978206451,0.011743706675484076
2.140000000000022,-1.558292777854506,0.0158566708639335,0.8041152407656099,0.013858821976664106
2.143333333333355,-1.5528461779563707,0.017485014973351747,0.7991751594814355,0.014293146190691382
2.1466666666666887,-1.5567511723360603,0.01812451196641146,0.8090932320227359,0.015478801685138375
2.1500000000000217,-1.5424620216430294,0.01581849716646242,0.779042475090954,0.020173024905644103
2.1533333333333555,-1.5521501460345322,0.015903987574159423,0.8070346161493613,0.010201151914618324
2.1566666666666885,-1.5440794830203985,0.017924650385099255,0.7997760266202716,0.01680945725330802
2.1600000000000223,-1.5429835823875209,0.018467656408990216,0.7987117252723769,0.015480870259321707
2.1633333333333553,-1.5372387898113757,0.018415141120111656,0.7968463025514687,0.01437515882276194
2.166666666666689,-1.5358262048718643,0.015770017482598916,0.7969163791445117,0.01472743020518218
2.170000000000022,-1.5210313521568526,0.01662738488789791,0.7827486387966489,0.01423118129882607
2.173333333333356,-1.5130839863641903,0.01686674413086801,0.7698611903724777,0.015595821646789921
2.176666666666689,-1.5189087238042778,0.02297490059441969,0.7771321554187776,0.029732347992452418
2.180000000000023,-1.5005305413127685,0.01924288707189322,0.7572105176378713,0.02320160617315613
2.1833333333333558,-1.4939408865564465,0.02132460704035456,0.7488225288428314,0.02124509409246474
2.1866666666666896,-1.4962364556098322,0.015756805126997703,0.7541906599117103,0.016075270272751716
2.1900000000000226,-1.5014668351341471,0.01855146703959115,0.7690845010852452,0.016310909729026712
2.1933333333333564,-1.4843369029383346,0.020804415490453327,0.7500508638304886,0.022983288052664187
2.1966666666666894,-1.4393571327867258,0.018788060465664322,0.6080455206637145,0.0207046097580443
2.2000000000000233,-1.4612076548868047,0.021270019184453943,0.6847072701068802,0.026885575500729366
2.2033333333333562,-1.4635004866335435,0.01729781148574629,0.725909857672199,0.01350835895643087
2.20666666666669,-1.447564819427127,0.01609128145364386,0.6912152564008133,0.017854722268763345
2.210000000000023,-1.4539269085621018,0.021466168908112256,0.7105764446198451,0.027648309959974523
2.213333333333357,-1.4362258762806792,0.018225919592525276,0.6774337446720606,0.02579896074933834
2.21666666666669,-1.4461052568227344,0.014729147170752003,0.6996221641441135,0.01736711992399603
2.2200000000000237,-1.4204598794486147,0.019527926062923535,0.6289777954618175,0.026709678597833807
2.2233333333333567,-1.4046355931371135,0.017686870747925267,0.5994013026848534,0.020669394463802004
2.2266666666666906,-1.43475486138125,0.018896384886749055,0.7043597877419073,0.023366697279248144
2.2300000000000235,-1.3924074771523975,0.016466307585249616,0.6021213309243575,0.03049766098081776
2.2333333333333574,-1.3606675111381834,0.0170098107443028,0.4055748216436729,0.025945580648090813
2.2366666666666903,-1.3632699519926417,0.01959005656663971,0.24374058807187138,0.03874553402849532
2.240000000000024,-1.33647074366026,0.014169724562958948,0.24655338187925002,0.03754147971627403
2.243333333333357,-1.344406125711951,0.019632016987212057,0.2904177636808337,0.023175005560954268
2.246666666666691,-1.3323389647554984,0.017772825150358974,0.35367359691654404,0.03458676128080838
2.250000000000024,-1.3100123659184657,0.020996218341306494,0.14493079949487064,0.08427454083482173
2.253333333333358,-1.3190046024217585,0.017912752052040924,-0.31614751396035645,0.033500014126333855
2.256666666666691,-1.324987380116862,0.01800540479567989,0.3193824364378777,0.03455574089116125
2.2600000000000247,-1.3222965657842185,0.01792215675638681,-0.2068502411624865,0.026264976410705246
2.2633333333333576,-1.305397257802009,0.017080746968570426,0.19322561406927077,0.03066740437512517
2.2666666666666915,-1.3009419301243443,0.021680556651892415,-0.2743810095723139,0.03499148249763452
2.2700000000000244,-1.2826681955024275,0.01762696687946891,-0.009320388553898083,0.03928511418639011
2.2733333333333583,-1.303248133700379,0.01617594656498839,-0.2761014069013773,0.04675618442194748
2.2766666666666913,-1.292027756652252,0.0170860754877292,0.025661043331895103,0.051850899337843356
2.280000000000025,-1.2688378039110324,0.016664885638567092,0.04598128513682241,0.037554811418435544
2.283333333333358,-1.2586903866588366,0.020128723132365602,0.12272767446161023,0.049089071295321224
2.286666666666692,-1.2653475412012791,0.01596993079192869,-0.030755946747501754,0.02514807633142992
2.290000000000025,-1.2469048834152283,0.017785161229450945,0.018779453641506936,0.07177538914150478
2.2933333333333588,-1.2553783290790161,0.019949634924514473,0.10454997670551519,0.029562427938005648
2.2966666666666917,-1.2431847789712513,0.016429882423366647,-0.1401374141280831,0.029729253842508522
2.3000000000000256,-1.2352397588520772,0.014639607665007147,0.06204167054686639,0.08004851779481632
2.3033333333333585,-1.238629984269025,0.014468425085579988,0.019534360200106526,0.030165030702808914
2.3066666666666924,-1.2397737860035767,0.01902551592702764,-0.0394898535448941,0.07476006645273595
2.3100000000000254,-1.2343998407931251,0.016784853491954556,-0.20614291747365385,0.04247036644239572
2.313333333333359,-1.2264719612003685,0.016532903814759962,0.02814299749428636,0.0342761246523989
2.316666666666692,-1.2169967149824923,0.01890844900389041,-0.1385223001188029,0.03135267346963965
2.320000000000026,-1.2118994114899257,0.019150961975152914,0.013504229758222085,0.0519418909580327
2.323333333333359,-1.2152685821712148,0.016486574606562235,-0.22676791357121293,0.041298110631891746
2.326666666666693,-1.1958609669655413,0.017991008371460258,0.07492650536440283,0.0480902743777577
2.330000000000026,-1.1904481519673151,0.017813787188566202,-0.08455788938335704,0.027025702253451703
2.3333333333333597,-1.1913679083196325,0.01744805114125682,0.01751128893707858,0.04959308039833172
2.3366666666666926,-1.1928076643923755,0.016929073819794162,-0.09590584788397685,0.025386507095341952
2.3400000000000265,-1.1781874236928913,0.015658012025246845,0.05958345448743348,0.032505365861413386
2.3433333333333595,-1.1777161117982187,0.01843079891061265,0.025000466769818968,0.0329578756158462
2.3466666666666933,-1.1789095959059595,0.019661484977572842,-0.03177855124349264,0.038437084668523046
2.3500000000000263,-1.169088074936345,0.016783255557351922,-0.11533798325737366,0.04733073516993687
2.35333333333336,-1.1651534212186447,0.017553836808880518,0.14809523677111722,0.02925668795172026
2.356666666666693,-1.1770916321344866,0.016459383212238186,0.01711689893054383,0.028240604020826954
2.360000000000027,-1.1619303768504785,0.01582275952067397,0.06727658420321249,0.027824716934270514
2.36333333333336,-1.1555024248811097,0.014313918630426643,0.0064391011429228585,0.042436455196460166
2.366666666666694,-1.157199724551844,0.015017614612810473,0.07980632575640398,0.041741642091647
2.3700000000000268,-1.144465053169745,0.018768554889678206,0.04204961882785661,0.037845427348951216
2.3733333333333606,-1.145978742395551,0.015391684656267527,-0.08424449335676433,0.04214258612635133
2.3766666666666936,-1.140211828734117,0.015450505887432292,-0.05787319237821873,0.08828353931476744
2.3800000000000274,-1.1311638331885432,0.016306113836883518,-0.1171080794466343,0.05245628803405487
2.3833333333333604,-1.1285644517132796,0.01664264090746684,-0.10121540759497889,0.027663917356962286
2.3866666666666942,-1.1241799642095853,0.01857168342593398,0.010328928022001974,0.023069281566204178
2.390000000000027,-1.1319495896430796,0.021596877835253617,-0.04434273521335826,0.0394016687611486
2.393333333333361,-1.121126732317823,0.014051634331289423,0.020304060794673354,0.06109532298604418
2.396666666666694,-1.1158251560886137,0.01602178408116727,-0.07467482834767843,0.02924716675651939
2.400000000000028,-1.1204268941404247,0.018991221732064786,-0.03312658976100043,0.023408730491184308
2.403333333333361,-1.1128224223870042,0.01647792742146922,-0.042359654117520185,0.038181607314299634
2.4066666666666947,-1.10417162649487,0.016217777348170117,0.010699153155491116,0.03640909818307959
2.4100000000000277,-1.1076759345819054,0.01708725668257144,-0.08346494192443453,0.0297448529952265
2.4133333333333615,-1.0962319400554228,0.015345167474062952,-0.004858873975513048,0.037406450947304354
2.4166666666666945,-1.092036540113847,0.019223754319611052,0.05261930609991366,0.038454680627740295
2.4200000000000284,-1.0883918642687735,0.017108402310044703,-0.004193336438189175,0.03596385738659004
2.4233333333333613,-1.0920024355975932,0.014929468400881248,-0.027066960032168557,0.04558954987197439
2.426666666666695,-1.0830407147408485,0.014986470675908557,0.014469062691569052,0.03464987249904059
2.430000000000028,-1.0749812540375583,0.014868101049781032,0.039022844592153334,0.02935269048988441
2.433333333333362,-1.0771089334634811,0.015711686288675305,-0.04175784489042851,0.03282732200523036
2.436666666666695,-1.0747302879832177,0.016719779749391213,0.022069871748902996,0.019557226872678676
2.440000000000029,-1.0697236337717067,0.01642324956524026,0.05275848057613061,0.027148452936115945
2.443333333333362,-1.0696732763720407,0.015748562009335727,-0.055729510372846784,0.05339616377988771
2.4466666666666956,-1.0597102539280363,0.015198402667249858,-0.05121602099664564,0.037050382971273575
2.4500000000000286,-1.0605728974173512,0.015359861380211278,-0.013575586260506553,0.04199689847052904
2.4533333333333625,-1.0562401187493815,0.015307009270064778,0.005092449590602106,0.04408184880114282
2.4566666666666954,-1.0554043961706387,0.013169731439296206,0.013550052231664028,0.02559580946763387
2.4600000000000293,-1.0556906050122912,0.015782772895980478,0.06960302279890743,0.04472306318027295
2.4633333333333622,-1.0506603011109157,0.01765722322540716,-0.023408183843773685,0.03515800252888727
2.466666666666696,-1.0439218868968916,0.014282777496102312,-0.02184707163938808,0.03628727611159062
2.470000000000029,-1.0425448648856626,0.014849787421964349,-0.04929682824648289,0.028902977805235906
2.473333333333363,-1.038128977538252,0.016229020036658395,0.033924402639490925,0.03290161234554527
2.476666666666696,-1.0357513986580085,0.0160293751958762,0.0012466315605401844,0.03490976947532274
2.4800000000000297,-1.033288008476596,0.014574598865187808,-0.02620527661194354,0.05215907721062282
2.4833333333333627,-1.0319549412006235,0.014327006769151909,-0.012679015804150807,0.043183963038558
2.4866666666666966,-1.0290740458196008,0.01482908375787454,0.016468822654619825,0.03368798807278833
2.4900000000000295,-1.0239214414500026,0.014132521370540694,0.02715481763177236,0.044648809279509774
2.4933333333333634,-1.0230821976663589,0.015606650836342125,-0.0057626992140505946,0.03499184835794805
2.4966666666666963,-1.0206974725123286,0.016784826424147928,0.031853037265092456,0.0356141805124791
2.50000000000003,-1.0153749860460983,0.016154284288599968,-0.03299066926641727,0.03275594726309656
2.503333333333363,-1.0223600273610212,0.017663191885667166,0.019248774200261255,0.04449724341018069
2.506666666666697,-1.0138389281116265,0.01595349029870538,-0.024361814584736137,0.02814146960733572
2.51000000000003,-1.0103795335731116,0.015384940958673795,0.02202879686823554,0.03172253049830062
2.513333333333364,-1.0085849703896352,0.014748639991368448,-0.04787917580736112,0.0279029298313641
2.516666666666697,-1.0054739835525088,0.014972542755767928,-0.0018115267416688751,0.04109300739355547
2.5200000000000307,-0.9995836680067566,0.016091729192047707,-0.04868826209649111,0.029405701072716173
2.5233333333333636,-0.9994211462431608,0.014612090447577355,0.017667818024817775,0.03964141189334953
2.5266666666666975,-0.9894393809582381,0.015713534892461925,-0.03970724813731685,0.028519413314022614
2.5300000000000304,-0.9969742210847565,0.01586989625049516,0.016548625293609443,0.02932435968608132
2.5333333333333643,-0.9911941140502614,0.015262780408548561,-0.003241715011563274,0.04608430131136348
2.5366666666666973,-0.9871396139207471,0.014858411504924274,-0.001015385292185134,0.02867169110288178
2.540000000000031,-0.9907017135338727,0.01558132911715481,-0.018666577752160317,0.03300650549471818
2.543333333333364,-0.9860099315595617,0.014530502005003824,-0.012373816994278091,0.03416749179792677
2.546666666666698,-0.978379285008842,0.01622205684722108,-0.009436642889589762,0.02381729322003177
2.550000000000031,-0.9806966905976372,0.013300680947374181,-0.03234344647067862,0.0322465211562321
2.5533333333333648,-0.9784932278900009,0.014151567361421133,-0.014692840817753346,0.03723282762034271
2.5566666666666977,-0.9697491142196067,0.015772686041741195,-0.020342770789266794,0.041182034070480655
2.5600000000000316,-0.9713115601879188,0.016542694405996993,-0.007623426920399376,0.03821245121653261
2.5633333333333645,-0.9675023724112803,0.013591788350857522,-0.003860078689979084,0.024523640037424722
2.5666666666666984,-0.9680688847038932,0.013765644430568562,0.010523740293668486,0.036342443495589107
2.5700000000000314,-0.9628341669892282,0.014433986497656542,5.9514121121208454e-05,0.03219972424115872
2.5733333333333652,-0.9633851395675864,0.014586202107337416,-0.01832163767832157,0.04015309485826136
2.576666666666698,-0.9627741370517794,0.014243233137662965,0.0035722700024877286,0.030228036830362213
2.580000000000032,-0.9544031115669469,0.014852333740780176,-0.0017078260112956991,0.025539460602144008
2.583333333333365,-0.9524336157381165,0.013972901734978756,-0.012636411724098436,0.02182324180275369
2.586666666666699,-0.9518617676672733,0.014596808937075097,0.010162085732736451,0.03079848011017428
2.590000000000032,-0.9494904493970808,0.016650427637898407,-0.004994456669743305,0.04699534818501832
2.5933333333333657,-0.946174621534338,0.01687438092746363,-0.011147100523472463,0.028052481556728445
2.5966666666666987,-0.9442394435536887,0.014479929927416568,0.013176857598164267,0.029528644910680156
2.6000000000000325,-0.9436731437822179,0.013141126362149222,0.008973119067834432,0.02093103675551441
2.6033333333333655,-0.9398490897320013,0.01478774910701356,-0.02231744126685646,0.0265337038071986
2.6066666666666993,-0.9391789108687674,0.013597532512921284,0.009389397856434691,0.03586177241080618
2.6100000000000323,-0.9422315392620112,0.013658546805400334,-0.022079438126613053,0.02509885498575889
2.613333333333366,-0.9353925186911924,0.01697404939381664,-0.01696702007654073,0.022511388765195813
2.616666666666699,-0.9325462959842411,0.013756782598563182,0.005688906670849598,0.029569796951531762
2.620000000000033,-0.9277772705515377,0.013666510645744721,0.0017154719850955619,0.01833337928662241
2.623333333333366,-0.9236739079912655,0.015056961821110834,-0.008375932949255944,0.03359230447148404
2.6266666666667,-0.9256568115504891,0.014322962602793154,-0.012718650389554557,0.023883320767554866
2.6300000000000328,-0.9226332019986951,0.014573945009736482,-0.009084839194814263,0.025600085325090005
2.6333333333333666,-0.922805787861693,0.014195480924636017,0.00011362274390851002,0.033303581003037534
2.6366666666666996,-0.9165625833205925,0.013855237700767036,-0.012593967665202167,0.021722909587357637
2.6400000000000334,-0.9140880618316695,0.013160833960293158,0.011327705554391483,0.029027281175653633
2.6433333333333664,-0.9169817962725655,0.014444718360302667,0.005370318510028053,0.03715002777097973
2.6466666666667003,-0.9144820253547131,0.014196045264755078,-0.017814442874452437,0.03512519202800137
2.650000000000033,-0.9133918521093783,0.015359445925048,-0.02010474984967027,0.026125647013360207
2.653333333333367,-0.9081174096576594,0.013555402824367277,-0.009187757552017435,0.02739100093058489
2.6566666666667,-0.9089617031673165,0.013092347415688538,0.001055375532836119,0.028758672558639037
2.660000000000034,-0.9088755350490646,0.01536597972819049,-0.008214353976814923,0.025728652365891284
2.663333333333367,-0.9032738455464111,0.013420275316265424,0.005170545222989062,0.030973625816645638
2.6666666666667007,-0.9008624836143719,0.014228239701011594,-0.012717654637427748,0.02927059501540412
2.6700000000000337,-0.8989474691613051,0.014583134695405427,0.008437367485057919,0.021779215399046578
2.6733333333333675,-0.8965962079196578,0.013812425591713636,-0.01733768975767877,0.027214493692310233
2.6766666666667005,-0.8955860501481285,0.013892545102351357,-0.007434624710742649,0.030734851996305504
2.6800000000000344,-0.8942797984879455,0.013848819896282394,-0.013372914590584989,0.0237378218445521
2.6833333333333673,-0.8911158941726395,0.014031837270661379,0.010376990961577319,0.0341016825585359
2.686666666666701,-0.8862860927607541,0.014998387158490282,-0.0036415638628041857,0.027689203975640203
2.690000000000034,-0.8873052476739665,0.012477776999469302,-0.013308439452635816,0.025324789734000826
2.693333333333368,-0.883338730247957,0.013461031576407807,-0.01201977284000037,0.02370429182500632
2.696666666666701,-0.8812666353785436,0.01419561104377937,0.005809873085959027,0.026913711680429157
2.700000000000035,-0.8820378829965975,0.01369010826605254,0.0037425085057510156,0.02439229290650069
2.703333333333368,-0.8795913492209627,0.013064230076076969,0.009067413480707163,0.01842581106373593
2.7066666666667016,-0.8765167434064358,0.014710799296940136,0.01447631748707143,0.022079804492626122
2.7100000000000346,-0.8723133787032866,0.015287510180759611,-0.003018061387798885,0.022292601864385305
2.7133333333333685,-0.8741468472775519,0.015433382895175325,-0.006152679417072987,0.022489997588694716
2.7166666666667014,-0.8705040918490629,0.014032057387341984,-0.005029521444305676,0.0223057931821378
2.7200000000000353,-0.8707270700231889,0.013145691292257997,-0.01912939032107575,0.02591761403156297
2.7233333333333682,-0.8670062195255557,0.01361642088566018,-8.87644181096847e-05,0.029664561994747925
2.726666666666702,-0.865885817043589,0.013522573216564748,-0.014694103266233462,0.027048227582631975
2.730000000000035,-0.8646905561117297,0.014651765507277896,0.004282723203765834,0.028675854027187694
2.733333333333369,-0.8624397593275216,0.013068431276662235,-0.007920232941185082,0.02195786484002604
2.736666666666702,-0.8596625642004813,0.012908883274268044,-0.004272907912701782,0.023890430104416674
2.7400000000000357,-0.8568009779223873,0.012991893157011774,-0.0035574759463475026,0.022965063462432656
2.7433333333333687,-0.8588692313028493,0.013583431422947899,-0.0027092529610318237,0.02293055242620061
2.7466666666667026,-0.8546228713692606,0.01415841003236349,0.0009224600559751167,0.0215354562380653
2.7500000000000355,-0.8521400634635327,0.014544284529697409,-0.009510346538840465,0.02373290083472995
2.7533333333333694,-0.8496240407115199,0.014053002130339382,-0.011593216443247125,0.026309079967501207
2.7566666666667023,-0.8512890139659135,0.013225500179300607,-0.006954955428517918,0.02712625631005159
2.760000000000036,-0.849435167029801,0.01279639377971992,0.0027714165075280904,0.021418322818898623
2.763333333333369,-0.8456118605951949,0.013469469243186205,-0.020292289582127296,0.02058438201338401
2.766666666666703,-0.8449456292668637,0.014253753903761714,-0.010841368280395782,0.022974829018273826
2.770000000000036,-0.8422762955110248,0.013138524727421377,-0.008866537744983492,0.031248465716392268
2.77333333333337,-0.8395463630637543,0.014125944485087968,2.0164035866018382e-05,0.029569788921698495
2.776666666666703,-0.8378232807058124,0.013953792205225161,-0.0010096419279666752,0.02153758272790014
2.7800000000000367,-0.8339592546647872,0.013327901869378959,-0.006487164100709201,0.023306641731643565
2.7833333333333696,-0.8362911697935405,0.013371897990117955,0.01349633481793147,0.023766202238843532
2.7866666666667035,-0.8321957372383825,0.013653203919149566,-0.016613295996182477,0.02258562742957965
2.7900000000000365,-0.8325218466144249,0.013195408142828463,0.010086337251798617,0.031519396842212444
2.7933333333333703,-0.831131631087055,0.013389331019567293,-0.0005041185958547285,0.03245858405428548
2.7966666666667033,-0.8265229935144324,0.014158003928429405,-0.0004243515385538384,0.02472157064056632
2.800000000000037,-0.8288649017154085,0.013440823407522636,0.006591433829632914,0.025957830974485622
2.80333333333337,-0.825047569433244,0.014164793505778152,0.0020916538993754597,0.02131972007518641
2.806666666666704,-0.819577462066529,0.013415944216565643,0.0013031050672124573,0.020504079101638133
2.810000000000037,-0.8202854436882784,0.01329527683970774,-0.0007410726589713824,0.024537800068475724
2.8133333333333708,-0.8202803935568722,0.012767038027263285,-0.00022280009567036526,0.024388480348931253
2.8166666666667037,-0.8218200088238854,0.013465981812624508,-0.004623360219554305,0.018829397315984705
2.8200000000000376,-0.8180841500579321,0.012340789144396624,0.015108692866010583,0.01822569193517539
2.8233333333333706,-0.8145447754697768,0.013483032840642192,0.0009344268699862107,0.02460122487517423
2.8266666666667044,-0.8135879618402814,0.013852288634014168,-0.004241363831432371,0.02556685510002476
2.8300000000000374,-0.8113887664746656,0.01258948607690203,0.003922633415890646,0.023366956424634367
2.8333333333333712,-0.8106477474493846,0.013730151992425851,-0.002389953532309049,0.021836117557287652
2.836666666666704,-0.8067742969112698,0.014334313546395024,0.0008902047056633779,0.02242152457204875
2.840000000000038,-0.8066416124411405,0.013217453855551654,-0.005930234938865528,0.02272313691932379
2.843333333333371,-0.807274912853054,0.0145885558933489,-0.0069805072134566165,0.021978617294117646
2.846666666666705,-0.804257028673763,0.013102267205011118,0.009262190219664844,0.020290643449423752
2.850000000000038,-0.803869609201782,0.013348009497096277,9.729945250281218e-05,0.019993163198701168
2.8533333333333717,-0.8002957747349335,0.013023529842480144,0.011792474049854002,0.022353827109684567
2.8566666666667047,-0.7999477938166331,0.013996738131131059,-0.006090266940018921,0.018825932216531917
2.8600000000000385,-0.7978869728694846,0.013832926593996287,0.010273805879924202,0.022297112731490615
2.8633333333333715,-0.796499779639804,0.013306683399542147,0.0021021448754992675,0.026595352358161208
2.8666666666667053,-0.7959916252306781,0.01368680169778954,-0.013202000385279375,0.02362652739651748
2.8700000000000383,-0.7917250296811529,0.013455245061541875,0.0012230534992369582,0.01875213366422204
2.873333333333372,-0.7919908958712825,0.01345722749033362,0.0012802916227443624,0.018597972179296384
2.876666666666705,-0.7900303614976574,0.01256817387170923,0.005215976530505122,0.020758947629047734
2.880000000000039,-0.7875211308374003,0.013153469199081665,-0.008250485658794904,0.02328349639463975
2.883333333333372,-0.7885972570004189,0.014453547785639143,-0.004441830587869476,0.015943122352313686
2.886666666666706,-0.7867220733303575,0.012796560649323161,-0.00137620413815095,0.02235078288055153
2.8900000000000388,-0.7838423507383857,0.01165753585008398,-0.00143369116934761,0.024752812944409418
2.8933333333333726,-0.7822125137603433,0.013036744761274286,0.00016776688844776874,0.027760809395667614
2.8966666666667056,-0.7829561649763386,0.013380103735210406,-0.0036579049175019633,0.020822376883487002
2.9000000000000394,-0.7822635813364149,0.013435506595038995,0.007185188147093047,0.020045783109326247
2.9033333333333724,-0.7804035472020933,0.01243341072119023,0.0072246271528581775,0.02079156483238065
2.9066666666667063,-0.776838425195892,0.013107231895275155,-0.008502749435027341,0.017890481652579213
2.910000000000039,-0.7727257098214916,0.01395243327288533,-0.0025254828679177124,0.02452853440501668
2.913333333333373,-0.7737296082229942,0.012695780425933088,-0.003246818263922334,0.022156084950515235
2.916666666666706,-0.7725049725387735,0.013120588528574279,-0.003733404456907658,0.02270719693695406
2.92000000000004,-0.7704084819973791,0.012818165592071672,0.0036218977225661686,0.01635035409275884
2.923333333333373,-0.7684412969067278,0.012412886269694716,0.0130561045659298,0.020144016574304667
2.9266666666667067,-0.7705913802031684,0.01348558381049426,-0.004050570113336059,0.019237125292558475
2.9300000000000397,-0.7680006401971426,0.013430423634233484,0.00038706407193818274,0.021513447026649122
2.9333333333333735,-0.7658655999970212,0.01268402606920818,0.007390598135664619,0.022159441300509123
2.9366666666667065,-0.766706301226905,0.011492405548230947,0.001670449652837289,0.024177686108795806
2.9400000000000404,-0.7614304373254297,0.013372318112167733,-0.002263634951637935,0.01949433105087751
2.9433333333333733,-0.7608195416067428,0.013941697050778294,0.0022066457691154073,0.018048637367454486
2.946666666666707,-0.7593944745555976,0.012619152936943157,-0.0018407414790220927,0.02040211810134286
2.95000000000004,-0.7602824031245496,0.012879308707697977,2.20488674433242e-05,0.019345177340388504
2.953333333333374,-0.7576976018348773,0.012893319597416538,-9.536128293101179e-05,0.025155422625458692
2.956666666666707,-0.7563631124652894,0.012931055424303155,0.0021746038082341257,0.019562909396429358
2.960000000000041,-0.7556336513875269,0.012512077272919272,0.0019539374475977785,0.02001656495933003
2.963333333333374,-0.7571585788968135,0.012155259019605786,-0.019070943081138533,0.018261811171858766
2.9666666666667076,-0.7516016981009842,0.012559469969983163,0.0030261874525116337,0.019040017114196908
2.9700000000000406,-0.7492278896586659,0.012678591226655898,-0.004139867978028506,0.020431037109764044
2.9733333333333745,-0.7485884732903422,0.012348221000714431,0.0033387655341778092,0.018881830165732038
2.9766666666667074,-0.7481249138507206,0.012450462061839076,-0.0002829010128205675,0.022465985234093457
2.9800000000000413,-0.7470274144564898,0.012334854599268202,-0.00377636416067569,0.02057446114949156
2.9833333333333742,-0.7461454244727348,0.01237479430155146,-0.00046903603919544207,0.016906724464470342
2.986666666666708,-0.745154186341018,0.013665739934884995,0.0014111444469890441,0.019083333965962585
2.990000000000041,-0.7441691001741189,0.012546866611695746,-0.001454228618350193,0.01672006813808971
2.993333333333375,-0.7418837016476324,0.012707009719177141,0.006251703665354847,0.024474129499192303
2.996666666666708,-0.740849182877118,0.012503625057360248,-0.0023689182296371177,0.01799338660226613
3.0000000000000417,-0.7412545266068442,0.01313909843037072,0.006962441363608559,0.019932555486697506
3.0033333333333747,-0.7365947501328879,0.012773137850550816,0.006863008159421007,0.019087031360691863
3.0066666666667086,-0.7366957124602106,0.013437104023517383,0.006205561113941376,0.01910626410150412
3.0100000000000415,-0.7356367630347129,0.013178901594338615,-0.002364170607642363,0.01820652392829769
3.0133333333333754,-0.7349231626468078,0.012923151989644248,-0.007401907048960138,0.022443977933729094
3.0166666666667084,-0.7331193525163048,0.012157073292749,-0.005864052806411663,0.017199681072940266
3.020000000000042,-0.7327751414278407,0.012721509284856741,-0.014328447912432549,0.0168249648666748
3.023333333333375,-0.7295662508437242,0.013020164579519922,-0.0019447089354928202,0.017331229546703963
3.026666666666709,-0.7297857084568082,0.012757885971838225,-0.0013118001460843403,0.018105347162277928
3.030000000000042,-0.7282660800138696,0.013535088673275882,-0.0019164899660554864,0.018852297278374612
3.033333333333376,-0.7288754462695022,0.012680504954861819,0.006166531080569644,0.01766180795483989
3.036666666666709,-0.7263984355980884,0.012291503269416049,0.0005673134597952665,0.02518713365003052
3.0400000000000427,-0.7229437705373067,0.012968752483246023,-0.0017247360586347556,0.018779499726063964
3.0433333333333756,-0.7211063900073067,0.012481546888579043,-0.0006955346658601473,0.01940974079648538
3.0466666666667095,-0.7212707605879887,0.012268685305240789,-0.0026093752079669485,0.016912202999914014
3.0500000000000425,-0.719864256979585,0.01294368356305906,-0.0024247338361003228,0.01772173673626884
3.0533333333333763,-0.718037864856182,0.012322781271158526,-0.001231766348585183,0.017987685265472564
3.0566666666667093,-0.7179143560793572,0.012417085145829343,0.003281171792089687,0.01916542524991794
3.060000000000043,-0.7183492162700271,0.011892681455867112,-6.294590933816621e-05,0.019641287979793927
3.063333333333376,-0.7149422414948116,0.012241468054336388,-0.0024707697040319797,0.01740957959806359
3.06666666666671,-0.7137699894343263,0.012731549195180875,-0.0005208152686208945,0.019064570959434125
3.070000000000043,-0.7138216972565694,0.012622432289362088,-0.004726776477660148,0.01970368648501352
3.0733333333333768,-0.7123172901396418,0.012636211597635838,-0.012750105579965119,0.017450401320658903
3.0766666666667097,-0.7110617498346128,0.012238297750238544,0.0065919672888318,0.018535864980657422
3.0800000000000436,-0.7116670618774558,0.011748748337576395,0.003798430792505617,0.01630312161196226
3.0833333333333766,-0.7089346398661485,0.012857742211509931,0.004739276744693059,0.01626481532899153
3.0866666666667104,-0.7071699848125448,0.012594846447390796,-0.0019231935268059146,0.019943812775573
3.0900000000000434,-0.705945562674871,0.012526014743118628,0.007188371016407711,0.01741357347460426
3.0933333333333772,-0.7055225797738283,0.012995888200972215,-0.007887675315381308,0.017132334352194273
3.09666666666671,-0.702543281738604,0.012025173839061893,-0.0017392456297401545,0.02085954695352676
3.100000000000044,-0.7028266098242232,0.013119485450619214,-0.0025733146578619647,0.01881206804921193
3.103333333333377,-0.7015000511870715,0.013489337080671335,0.00263057055691079,0.015205754676445306
3.106666666666711,-0.7015168358979642,0.011656667359006315,-0.009318894887326795,0.01770233582220837
3.110000000000044,-0.6987784754922328,0.013130686166112234,-0.005050592346510556,0.019492149109539975
3.1133333333333777,-0.6980666535261704,0.013331695463839978,-0.0033192416241612887,0.019364061964589997
3.1166666666667107,-0.697438047656681,0.012755164345565227,-0.0005258651742933176,0.016707851070766562
3.1200000000000445,-0.6967571291310187,0.012249170368306467,0.0006272543406523473,0.022871002349233466
3.1233333333333775,-0.6957145379552557,0.012388152495546315,-0.005741059321946565,0.016278150858493524
3.1266666666667113,-0.6941345245701286,0.012398868559033665,0.001759018458746298,0.021831088439226085
3.1300000000000443,-0.6931096440459471,0.012212265052568798,0.006608557270838739,0.01748871427945544
3.133333333333378,-0.6928396522819961,0.011730042739336049,0.0010642484075031266,0.01685903471572203
3.136666666666711,-0.6913435661117896,0.012131811923240029,-7.365027912497441e-05,0.01527317939043421
3.140000000000045,-0.689287191129823,0.012070067827163971,0.0019025849471509398,0.018466796564547583
3.143333333333378,-0.6881933541125264,0.01215515561815688,0.008191522739665643,0.018153574860807823
3.146666666666712,-0.6854137047263807,0.01214754359988841,0.001491978394690041,0.01712327441600978
3.1500000000000448,-0.6871593695064621,0.011634985792596579,0.0035907803834795094,0.016533237631481932
3.1533333333333786,-0.6859038653409966,0.011882856224474174,-0.0028899824394000807,0.022582423517657924
3.1566666666667116,-0.6829101286737602,0.011918567194192183,0.0028333844477504066,0.015240814488819868
3.1600000000000454,-0.6840515124556971,0.012957923144444179,0.003978200075250126,0.018986331622173717
3.1633333333333784,-0.6821108578467135,0.01323042630559971,-0.004772421151016204,0.016907856631491743
3.1666666666667123,-0.6815978303673887,0.013588757190853357,0.0034660798744802,0.019176950399689374
3.1700000000000452,-0.67994224622169,0.01182060521194143,0.004631557408678337,0.017364741671202163
3.173333333333379,-0.681759356176598,0.012631562175921492,-0.004300949080353224,0.018636716328898784
3.176666666666712,-0.6785046606093412,0.012777121893444715,-0.006352612746931483,0.01575512465798285
3.180000000000046,-0.6772030317251576,0.012008128319500783,-0.0037248516378035686,0.018064612493293056
3.183333333333379,-0.6751981861211224,0.011934845773239198,-0.004263163758164449,0.017343767588164746
3.1866666666667127,-0.6740357137532396,0.012523111359615502,-0.0020661198886973583,0.015042808951835478
3.1900000000000457,-0.6734178477011816,0.012589389964927183,-0.006153284000083495,0.017487087546202738
3.1933333333333795,-0.6716003825746075,0.011704323401410548,-0.002112066864530096,0.017879900476113635
3.1966666666667125,-0.6712357938396952,0.012383497463016724,-0.0011822808983988737,0.01754885910572282
