"{'t_min': 0, 't_max': 0.5, 't_step': 0.001, 't_top': 4, 'N': 100, 'n_steps': 100000, 'n_burnin': 60000, 'n_analyze': 5000, 'B': 0.0, 'flip_perc': 0.1, 'dir_out': 'data', 'plots': False, 'print_inp': False, 'use_cpp': True, 'date_output': False, 'file_prefix': '', 'multiprocess': True, 'skip_prog_print': False, 'use_gaussian': False, 'B_top': 1}"
N,n_steps,n_analyze,flip_perc
100,100000,5000,0.1

Temp,E_mean,E_std,M_mean,M_std
0.0,-1.2966380478453936,0.02478857337801538,0.3853528305730192,0.04731871364547501
0.001,-1.2935978766559815,0.030044121015707092,0.30649933990394385,0.0557210127121138
0.002,-1.3315452332257223,0.029055938819537573,0.4941210641243811,0.034279117387437635
0.003,-1.345237282448517,0.028226711105803035,0.5815810759703286,0.03764018075520482
0.004,-1.3641946471960789,0.02441504868188486,0.6177154635877509,0.02256976919560289
0.005,-1.3369474414110805,0.02640397906741718,0.5366296459851586,0.03300197165223678
0.006,-1.3367992061260916,0.025821416493517633,0.556899139739962,0.0365158596760684
0.007,-1.3828915416967824,0.024460696029189453,0.6546684132024846,0.033588739184899304
0.008,-1.365411810861585,0.029731429031982,0.6142140030741667,0.03579997798145533
0.009000000000000001,-1.3839555466311004,0.02299804150836535,0.6347263852556507,0.02651609745828483
0.01,-1.4109470675434679,0.03255855963227653,0.6988116022133068,0.03639030663191207
0.011,-1.3945619189326681,0.030796661343057138,0.6786925784943938,0.0375165954515018
0.012,-1.3815952141443761,0.032170253686444536,0.6347415886132282,0.035068842981595176
0.013000000000000001,-1.39957929716322,0.021638990359635322,0.6715636327162244,0.024787649361955183
0.014,-1.4050197597979832,0.03278679802879443,0.6847166228017751,0.031940594996289255
0.015,-1.4029882899473418,0.030249965581453934,0.6731807560199593,0.03875629881885076
0.016,-1.4367068644451317,0.03559775435618477,0.725110222313685,0.03392318083097221
0.017,-1.4408812152788528,0.02878822984824945,0.7324099619165853,0.023699595042558246
0.018000000000000002,-1.447298760580096,0.026910569838269175,0.7348459294186184,0.02483924070102531
0.019,-1.4182476071172487,0.027780587549611303,0.7021508703567572,0.03125556582408281
0.02,-1.4399752612113,0.030798689850582074,0.7248602519633413,0.030967748051223026
0.021,-1.4538499932213769,0.027100854237552024,0.7393755952127696,0.025157028821064176
0.022,-1.4461711964909614,0.030331802020186645,0.7202550113427685,0.03455314969203603
0.023,-1.4539430556380288,0.031172885008773896,0.7291243851101382,0.03680368490507768
0.024,-1.4619355139243029,0.027965546648915873,0.7469030207074816,0.02436271892765911
0.025,-1.4443126695111743,0.029800795157515807,0.719400159524283,0.029750889728334503
0.026000000000000002,-1.4690241484576212,0.028091285760258725,0.7499970390596826,0.022895860762115968
0.027,-1.459780346085773,0.025507898899610117,0.7390244847704206,0.017094665945496326
0.028,-1.4661508290427616,0.02442933732883184,0.7439287056038679,0.01940085981110464
0.029,-1.4779413056435597,0.03008979511358252,0.7593477100080241,0.025184203941394267
0.03,-1.458397653179661,0.025164274817030086,0.7296357267283039,0.019974305114740458
0.031,-1.468836338860103,0.026567424164481556,0.741005320946296,0.020539222913680478
0.032,-1.4737347276193138,0.026171153232483042,0.7491841969382265,0.018810887002596016
0.033,-1.4785889891486903,0.027061220719149258,0.7519489095482403,0.022018660813606636
0.034,-1.482551914044537,0.02495300814806258,0.7565196239964965,0.017581456622094916
0.035,-1.4837495956356035,0.027551006999679786,0.7585415483045683,0.01928664730811774
0.036000000000000004,-1.498034859256855,0.025474654128259444,0.7707067414101755,0.01862993269424654
0.037,-1.5024134311754243,0.025516313868543875,0.772091378376803,0.017683906643338312
0.038,-1.5070882464056135,0.028172709579894824,0.7775541906787005,0.020284954153901198
0.039,-1.5028635441100366,0.02420483359614081,0.7699081017556585,0.017755819738154575
0.04,-1.498372633639849,0.02404513905287767,0.7653050610222181,0.01883729536737731
0.041,-1.4994032743764558,0.026828981917123733,0.7663823566953762,0.02070813179805576
0.042,-1.5073132043267325,0.02647938800026062,0.7739619927946199,0.02023815549416631
0.043000000000000003,-1.5148388814582756,0.025283697657001884,0.7811365072000835,0.016591274746265382
0.044,-1.5220502233905873,0.024591755450195225,0.7838234446911507,0.016151214673604076
0.045,-1.5209708060233873,0.026220935479823796,0.785059491642286,0.0178287922656954
0.046,-1.5281169372311734,0.025263336111741867,0.7897413078726089,0.01631672723034659
0.047,-1.519260673814832,0.026705530408067495,0.780280816493022,0.01887420170905822
0.048,-1.5208564786630574,0.02636811031700559,0.7841932388228592,0.017799754990086427
0.049,-1.5305336399730813,0.0247605404139396,0.7856333268048835,0.017569080219477434
0.05,-1.5314876855814736,0.02354834187970721,0.7856472894105226,0.01537252970522199
0.051000000000000004,-1.5287849336749293,0.021038472747407184,0.7851369879703136,0.012718511022719073
0.052000000000000005,-1.5329124589375578,0.02706096055333923,0.7875674339765834,0.019863868006448293
0.053,-1.5453945126479138,0.024712100791015226,0.7965259857358015,0.015756028576940015
0.054,-1.547864955314328,0.02622448210170728,0.7993306260295905,0.01436766321893204
0.055,-1.548047292850141,0.019699779602257873,0.7986426888572905,0.01209033420868527
0.056,-1.5463622822764398,0.024865626917583053,0.7956071214858091,0.01882698535832167
0.057,-1.5489619434249475,0.023151309914875767,0.7979727943293164,0.014454257892425637
0.058,-1.5586139252481996,0.02618631991254538,0.8045106218514096,0.015540739929792954
0.059000000000000004,-1.5504494733776086,0.022822762409075898,0.7954245648948782,0.01361115334183704
0.06,-1.5538256673198576,0.02222681511805583,0.7994949387702782,0.013794135874107515
0.061,-1.5588815851339366,0.026620508797813133,0.801703420942558,0.016870900083189644
0.062,-1.5627372177583405,0.024214855752574795,0.8052170434625752,0.015258487824032151
0.063,-1.5617291903014088,0.027221640849976213,0.8041919983012792,0.016035090363924868
0.064,-1.570236670086207,0.023435697276630543,0.8090814962866879,0.01358778206102289
0.065,-1.5687779266373065,0.028349777433596915,0.8052332065753589,0.019547432668446142
0.066,-1.5772082395233091,0.02440685547552178,0.8113852766161562,0.01512619675173889
0.067,-1.5653081952535908,0.023048969682369334,0.8033238249579581,0.013184387411644086
0.068,-1.5801906300487698,0.020777165196435604,0.8122934583044691,0.012540475829063417
0.069,-1.5785957767286642,0.02430258211287903,0.810176795400317,0.013800163601223709
0.07,-1.5818460726170427,0.021664844991811656,0.8130418084983612,0.012378367453766663
0.07100000000000001,-1.5908180690093097,0.02303769015166309,0.8178895379119121,0.013108140053882463
0.07200000000000001,-1.584283093281521,0.026700477107577884,0.8129403479673023,0.015016088239649769
0.073,-1.5871258895142981,0.023123732332302725,0.8160391674325046,0.013136580567703005
0.074,-1.591517798803787,0.023551589460894543,0.8174918178654499,0.012992613093606206
0.075,-1.5924698784008435,0.0245475208802268,0.8175345063209534,0.012881957124532873
0.076,-1.5986425296190525,0.022252430228991756,0.8207305056568527,0.012177314053520818
0.077,-1.6036819359807402,0.022329922713357275,0.8226881776482707,0.012045172598648407
0.078,-1.5977027214725248,0.024675249799827742,0.8183387877893915,0.014539993060109863
0.079,-1.5946994908310503,0.024727089831361064,0.816405161186847,0.015167678299076838
0.08,-1.5988625719872063,0.020736174336006698,0.8193728743040173,0.010387784186198823
0.081,-1.6066702409943812,0.024608533972173136,0.8227001800373045,0.012804354431658893
0.082,-1.6063463734159185,0.023459384688153888,0.8232200435815656,0.012897152453346567
0.083,-1.618331755035089,0.024931137521139707,0.829195399049712,0.013772916291353611
0.084,-1.61595193365379,0.02398235592835261,0.8271361872610461,0.01424484754732109
0.085,-1.6094601929342778,0.022440774663956366,0.8220945388990823,0.01259830656816269
0.08600000000000001,-1.6134985987485277,0.02385016863224662,0.8240398880027966,0.013580193939624927
0.08700000000000001,-1.6124032360001739,0.02519417152572672,0.8235904379567281,0.013685539554548013
0.088,-1.62221806317383,0.022809090875610137,0.8280549310259543,0.012498982388883091
0.089,-1.6254111812409937,0.023920184482011216,0.8317359873093851,0.011809417670209984
0.09,-1.6270386253173028,0.02371728001103059,0.8310570518334739,0.012890498019454487
0.091,-1.6263592053375426,0.02251032270215853,0.8292174433965543,0.011912140340257598
0.092,-1.627406648002307,0.023425245389916267,0.8303422284712909,0.012104984601268241
0.093,-1.6306110857057199,0.022319778409456117,0.8310109624196873,0.01145987706599297
0.094,-1.6353385597974164,0.021985745150065343,0.8338388475710736,0.011429911316366797
0.095,-1.6360606672191982,0.022966399563556807,0.8343817563408922,0.011382799752253888
0.096,-1.6368246451452462,0.022729623262665043,0.8331707941934953,0.011065067130344395
0.097,-1.6357362272262954,0.0220460317992899,0.831977915325077,0.011807602789124164
0.098,-1.6411751075181085,0.02222075437417702,0.8355099022161915,0.012028833465976765
0.099,-1.635469069622068,0.022119524111383407,0.830590117809939,0.010906928704654735
0.1,-1.6475327387168948,0.022449184770783587,0.837520623986877,0.01183309597577712
0.101,-1.6428869697517765,0.023746922922506828,0.8346119624277334,0.012469219799440236
0.10200000000000001,-1.6461420255938777,0.025578399674508406,0.8351105422848677,0.01432238561067927
0.10300000000000001,-1.6470065210361102,0.02629369882725972,0.8356016802058074,0.013583464002457935
0.10400000000000001,-1.6565777131571104,0.02226293359290735,0.8415436285284668,0.011216827666573396
0.105,-1.6553347300567445,0.026358183498007177,0.84024104799693,0.012761000901159588
0.106,-1.6570265271420908,0.022883598503384454,0.8398102415659638,0.011706071074506868
0.107,-1.6581407628743308,0.020943084209908043,0.839397919800406,0.010242330627763635
0.108,-1.6573964791623181,0.01960881654509957,0.8393311860394922,0.009210961907997845
0.109,-1.6644627554079465,0.02280124900516901,0.8427742748862387,0.01177240050575369
0.11,-1.6607546716433665,0.025098918794942044,0.8398679733920226,0.012597524191823181
0.111,-1.6660883389227055,0.022522476190132076,0.8429685938618235,0.011023649945199098
0.112,-1.6656351038445756,0.022072683097505836,0.8419153035986684,0.011898099821504965
0.113,-1.6725121022081537,0.02297194110517772,0.8459235448364163,0.010704123204132623
0.114,-1.6787055567470306,0.022390731961887206,0.8489625518573335,0.010512158642012843
0.115,-1.6708776054918397,0.02469890905639034,0.8436872571748504,0.012119998240872959
0.116,-1.6766367426012059,0.021924784146397425,0.846182836320644,0.010596040648885502
0.117,-1.6821746490172897,0.02210428032872483,0.8487965590382939,0.01134521358934094
0.11800000000000001,-1.6799845132715203,0.0212771388826968,0.847114822952288,0.009945742075944427
0.11900000000000001,-1.6813129974284347,0.023169732073736907,0.8482800155645562,0.011259399981736511
0.12,-1.68517861988192,0.0221583260166232,0.848108821390724,0.01068520140839825
0.121,-1.6799351915308751,0.02162463158840979,0.8458690540173884,0.010307863222851833
0.122,-1.6893617275787083,0.02092605878985401,0.8505557911303978,0.009483501409930052
0.123,-1.6925992414602686,0.020933025040635444,0.8520910579887813,0.009212844984679775
0.124,-1.6909853296772102,0.02684750084328203,0.84987397488653,0.01258182891183129
0.125,-1.6935123568846002,0.021426233847304132,0.8518572110704337,0.009964243255508085
0.126,-1.6938279647544805,0.021437228540133794,0.8505967592544426,0.010217271210905729
0.127,-1.6986693944852813,0.02239333397561944,0.8532917374108977,0.01042103994633048
0.128,-1.7003258000757484,0.02166689369807233,0.8536811360217829,0.010527344987190445
0.129,-1.696207447752139,0.020776103183089395,0.8507584712938873,0.010999684067195153
0.13,-1.702938416548361,0.022541645237323372,0.8540858169583517,0.010432927873320064
0.131,-1.7061004233279211,0.02207392881329272,0.85463936773866,0.010411681309748814
0.132,-1.7061954806818678,0.02491090231216654,0.8540980994498689,0.012582206124393562
0.133,-1.7087696661923404,0.023060687327237095,0.8553848366638164,0.010365862281980767
0.134,-1.707758298395252,0.02335372005763702,0.8558310456790074,0.01012405208430148
0.135,-1.7096598782427765,0.023108531169567435,0.854807601353721,0.010922456266583157
0.136,-1.7165173530149374,0.02194195451724874,0.8586126425476593,0.009845521763076329
0.137,-1.7152343265150376,0.022284770482002315,0.858092818457643,0.009788135792395616
0.138,-1.7157821529601711,0.02154614193406388,0.8571056209222916,0.009935406422352277
0.139,-1.7232705443400005,0.023270304751259525,0.8604826963193466,0.00990701903015485
0.14,-1.7168474687435884,0.020536631156532918,0.8569229445139821,0.009741463963865979
0.14100000000000001,-1.7192064994906253,0.0209797454451212,0.8575662332764862,0.01016258525561973
0.14200000000000002,-1.7240079492062277,0.023145935347928095,0.859517423194226,0.010497452237439652
0.14300000000000002,-1.7284138126119564,0.0214755973949783,0.8610385273618444,0.009312598304001052
0.14400000000000002,-1.7231501605325186,0.02121745704995539,0.858890217562918,0.009496929026398475
0.145,-1.7320256486228047,0.02147070319574113,0.8620722941408923,0.009115861835718978
0.146,-1.728814230367741,0.023912366986141968,0.8596617318697275,0.010830162376395149
0.147,-1.7311430966098158,0.023499844981540452,0.8606803357946942,0.010944945893527739
0.148,-1.7333531047516189,0.021904444797164052,0.8616930981544667,0.009155808633664386
0.149,-1.7352327222370056,0.020489510500143988,0.8614968193795924,0.009531798055915721
0.15,-1.7398947758253966,0.02012055830431657,0.8642362874134657,0.008844222439148862
0.151,-1.7382069016056172,0.02170288907054279,0.8623758350689188,0.00971535462128668
0.152,-1.73861547474099,0.02079005765720936,0.862677775625945,0.00952895115052115
0.153,-1.7449525066270044,0.023076143370937573,0.8638977393743443,0.010253485040537823
0.154,-1.7407867884631156,0.022287549222649083,0.8624082813861013,0.01023330607650995
0.155,-1.7490269379941052,0.020113483978382724,0.8661413081504508,0.008505631191057883
0.156,-1.7438407790353236,0.022052824160909697,0.8628156823643591,0.0099517970128462
0.157,-1.7530626861732896,0.021288322881633796,0.8670049211840125,0.009166462413841255
0.158,-1.7470552870263383,0.02214473078702096,0.8637263450199997,0.010215235539656413
0.159,-1.7475892643996251,0.02052056095413663,0.8643765953283926,0.008857829080143088
0.16,-1.7548759697103147,0.02076969445963918,0.8664500095363044,0.00927439370431531
0.161,-1.7582646567336462,0.019689685226982452,0.8682151625671013,0.008699388224324523
0.162,-1.7575067458664997,0.01943030077058211,0.8672665728404775,0.008376425878740682
0.163,-1.7630872919359644,0.021274509428261958,0.8693289055803295,0.00951091906435676
0.164,-1.765941536767551,0.023646031974851864,0.8703854366716658,0.010187752079883318
0.165,-1.7607031121781456,0.021090064557843798,0.8674462491523077,0.009290504717440268
0.166,-1.7596863881901137,0.02145129043119263,0.8666623324412158,0.008976809040160611
0.167,-1.7625525708817606,0.02126871403539764,0.8676886571886826,0.009551641261305307
0.168,-1.7706567000140903,0.022276277188902162,0.871446728825593,0.00970354839087029
0.169,-1.7691491820092533,0.02132407887679222,0.8694188033349277,0.008806249219312036
0.17,-1.7776136118356025,0.02214099118054715,0.8731713939676478,0.009611570834682595
0.171,-1.7733236682679707,0.0214964577627034,0.8704971395198954,0.009077839016092087
0.17200000000000001,-1.7709495979062222,0.020833867146972756,0.8696755746837425,0.0087500637390445
0.17300000000000001,-1.7720208915144617,0.022605625236659533,0.869779595567551,0.009880959095700049
0.17400000000000002,-1.7775536090952322,0.02046323359494579,0.8716829765746774,0.00845573692942839
0.17500000000000002,-1.7859513806352427,0.02026174537182589,0.8741887175552748,0.008613697319921162
0.176,-1.7788046768460901,0.021049212577430525,0.8715927188433178,0.00876376155406071
0.177,-1.7825813264602612,0.024100117847059184,0.8719131828403682,0.010613921984945653
0.178,-1.785930341447585,0.021303885849279388,0.8734238450230062,0.009383353537436875
0.179,-1.789178200902212,0.02247923480044117,0.8750168033589552,0.009934681349749295
0.18,-1.790800864588239,0.018968309312497367,0.8752509302843998,0.007508004032011118
0.181,-1.788279950320661,0.02164815992801277,0.8733895979158448,0.009545793404658044
0.182,-1.7891802387157425,0.020652703498418575,0.8734885778134287,0.008944260641990717
0.183,-1.7967227716449738,0.02053232216131142,0.876774635296341,0.008337950355401495
0.184,-1.7964050370136435,0.01942972404957099,0.8756164034907163,0.00804555229785801
0.185,-1.7994631498330687,0.02082886627980599,0.8766409279847531,0.008937266252815561
0.186,-1.8014860748410058,0.01965787620393622,0.8773802760291706,0.007941753913217511
0.187,-1.793849567910103,0.020876570404487368,0.8734897374987578,0.008549718267371933
0.188,-1.8075279054176236,0.020218163304968503,0.8789511505044157,0.008231051826594213
0.189,-1.8001689866772412,0.023155731228331828,0.8756930184712479,0.009620709783721667
0.19,-1.7993022847065903,0.020106745363545907,0.8753309860590053,0.00808763599331054
0.191,-1.8085743961011822,0.02056226021919054,0.8787820366268803,0.00863976475873706
0.192,-1.8075476924665785,0.02192270892408978,0.8777998401942695,0.008770823338680659
0.193,-1.808206656046404,0.02075458308748424,0.8775967195478052,0.008552823992070998
0.194,-1.8036162794339798,0.020463845662522802,0.8751615921743728,0.008968135670714307
0.195,-1.8132568195024046,0.019622884480257195,0.8792159238751589,0.00807741842880767
0.196,-1.813947219113203,0.020482424258632136,0.8793756359337472,0.008517280888166483
0.197,-1.8140658039549729,0.01981761056769568,0.8790600525543532,0.007650255746406665
0.198,-1.8163519534475208,0.021121974390563313,0.8792390884173157,0.00866583206260988
0.199,-1.81908504758794,0.0204699660319618,0.8802196043065653,0.008218533730507868
0.2,-1.818901481974671,0.02104965857347679,0.8798940990132841,0.008654159460778748
0.201,-1.8231860956064962,0.018699201366017246,0.8812469697923845,0.0072051984777780015
0.202,-1.8226137956062969,0.019672310040865816,0.8804370074850199,0.008430945266595618
0.203,-1.8288239258292867,0.019716041631424083,0.8827385480438716,0.007727537487548201
0.20400000000000001,-1.827868346954303,0.02088210261348921,0.882090418046416,0.008101426397363049
0.20500000000000002,-1.831043060194566,0.021442402108795246,0.8828780957402456,0.008203547663774471
0.20600000000000002,-1.8310013872357602,0.01857606069620047,0.882631606723242,0.007431577414235293
0.20700000000000002,-1.8316714686378286,0.02002433510878101,0.882378276120808,0.007705076077800541
0.20800000000000002,-1.8343154356512552,0.020827999095603008,0.8833735952808467,0.008217577783100222
0.209,-1.8346428482454762,0.021052596780688434,0.8831094219985546,0.008148471165716795
0.21,-1.8331360147342273,0.020119225368394167,0.8821743152503563,0.008241043375789592
0.211,-1.8397331142883393,0.02070260100489204,0.8847504703968518,0.008112516581996031
0.212,-1.8411985088000418,0.019156418201723972,0.8847748353782238,0.007501155977202205
0.213,-1.839249396782013,0.020392128522687625,0.8834846171767121,0.008266318109187123
0.214,-1.8478279471945873,0.020897800245129796,0.8867918386009126,0.007931896207311698
0.215,-1.8450744495937457,0.019603909751511925,0.884912582558855,0.007353121370210107
0.216,-1.845727631725724,0.017395791381911677,0.8852411287025014,0.006821476534658764
0.217,-1.848452499304373,0.02024732719721948,0.8858306865545243,0.0078150375900022
0.218,-1.8497515030922138,0.023320249605149283,0.8860672932788118,0.008966682775593697
0.219,-1.851653288402279,0.01991312781613339,0.8867256654622817,0.007911211096090075
0.22,-1.854267979078375,0.01834598471327988,0.8874709745792657,0.006884818723030798
0.221,-1.8537641683800932,0.019932353726484487,0.8866916186787124,0.007633195826575676
0.222,-1.8507167213462452,0.02007185162235013,0.8850660931947207,0.0082926489304313
0.223,-1.8625016259918168,0.018900825786247976,0.8891249047586693,0.007331334714542237
0.224,-1.8528821236087123,0.01964536808809878,0.8850531708147317,0.007775307171069911
0.225,-1.859059502468464,0.020856169170303095,0.8873529907559652,0.008376510244167667
0.226,-1.862130463707564,0.019303680107095714,0.8883888381651627,0.007374935253910412
0.227,-1.8677340154291082,0.020487870555765692,0.8898801365287858,0.007927610247042973
0.228,-1.8665012174378541,0.01897083866728696,0.889466653825951,0.007398540791627945
0.229,-1.868290055081901,0.022228937912640592,0.8895696737118115,0.008355634494427127
0.23,-1.871679437329803,0.019837707648457454,0.8906896979743467,0.00754672790042816
0.231,-1.8697564817471704,0.018913136516259418,0.8891906781205179,0.007025218805853462
0.232,-1.8694879057217082,0.02177119942020739,0.8892803359422762,0.008196905280770606
0.233,-1.8734249567408445,0.019609524655354035,0.890249969923966,0.007458004164482773
0.234,-1.8709530517992483,0.01924653768439475,0.8889243847061381,0.007277803702802303
0.23500000000000001,-1.8742041449280686,0.019361999654681505,0.8899411883657516,0.007483796961312445
0.23600000000000002,-1.879309786012302,0.020260444095529084,0.891503740153472,0.00786251097041523
0.23700000000000002,-1.8848389443647244,0.01876550364379732,0.8935001000544386,0.007011545602917984
0.23800000000000002,-1.8788391182388775,0.018990878830714694,0.8907777557470341,0.007252304727905053
0.23900000000000002,-1.8851591034826456,0.01970268835940625,0.8930140832205442,0.007346744942271282
0.24,-1.8882389882250437,0.021066642687303173,0.8938210438575523,0.007523754629433449
0.241,-1.8819844218630104,0.01975712693824384,0.8907107024532386,0.00769616424344501
0.242,-1.889964655366605,0.020561531956829086,0.8936532108181356,0.007683141106318301
0.243,-1.883755353217746,0.019990492822427652,0.8906806967071973,0.007427507573639685
0.244,-1.8853060395318428,0.021019400490263563,0.8911153433155503,0.008043396528113561
0.245,-1.8898727679448166,0.020749050739479285,0.8926052413694523,0.007975401298855603
0.246,-1.8902703050041847,0.018862960016191886,0.8925873177078729,0.00704291564076864
0.247,-1.8939447098432671,0.02117991474925897,0.8936268456532112,0.00797689345591417
0.248,-1.8994971982095927,0.020110151007111728,0.8955127428021042,0.007422566858302485
0.249,-1.8934960317125222,0.019505749530053903,0.8928750159383225,0.007087279760019943
0.25,-1.9020463690134877,0.02023893844294072,0.8955901581827558,0.0074212403848359825
0.251,-1.8997052509943517,0.019731129332986087,0.8946020408591453,0.007241711920603267
0.252,-1.9001094556183882,0.019412519497188016,0.8942327670966131,0.007227562593390465
0.253,-1.903154907357242,0.02041753986470434,0.8949035811386101,0.007611474743624375
0.254,-1.90434235552593,0.0191540130561235,0.8948761358049351,0.007059440443174067
0.255,-1.9071863930710413,0.021316222243984946,0.8957979993883145,0.0076579075334405914
0.256,-1.9074758708322017,0.018971079677003146,0.8956877375083057,0.00699464358143896
0.257,-1.9110695889626153,0.01951544885912887,0.8967359872621687,0.007154610504193821
0.258,-1.9102845547508778,0.019551831639742806,0.8956728946640387,0.007270743435587913
0.259,-1.912170659830437,0.019440883365892475,0.8967164234414914,0.006972780099345331
0.26,-1.9144479544264337,0.018491356675437557,0.8971527908224658,0.006666554417013296
0.261,-1.915715017612516,0.019224740312317974,0.8971567112079833,0.007256714523396959
0.262,-1.9160641924718256,0.018762102386293552,0.8969666740612451,0.006946245090195677
0.263,-1.9159493335224815,0.018859681761248307,0.8963741554119845,0.007169224099666881
0.264,-1.9252064031084721,0.020168724188537632,0.8997717952461189,0.007186028047960871
0.265,-1.924816055902602,0.018707030527064773,0.8990292458754584,0.006831185175170378
0.266,-1.9235702861092239,0.01870296242641015,0.8984328064352876,0.006526328354832395
0.267,-1.927834600466541,0.01678654944143669,0.899881256654468,0.005773957113697033
0.268,-1.9246053377564705,0.01794503125859848,0.8980512905416548,0.00652722196531658
0.269,-1.930097766794379,0.018797981000562278,0.8999212242336506,0.0067097484066209094
0.27,-1.9303395127649188,0.019181600797055276,0.8997473500089231,0.006943939849183943
0.271,-1.928786718027428,0.02069341283222904,0.8988652534188212,0.007188819638744711
0.272,-1.934286446947173,0.018777262334851594,0.9004485303102719,0.006690959493392802
0.273,-1.9316174694480217,0.019118193631732745,0.8993474301945618,0.00699423339053626
0.274,-1.9392969296393001,0.021345366036017388,0.9016146432831182,0.007515031681595966
0.275,-1.9388331568796746,0.017094143567888444,0.9012386880175641,0.006082826100480166
0.276,-1.941229379470407,0.01737191624557761,0.9017137428788476,0.006079058292191415
0.277,-1.9414556644801784,0.019136689488296308,0.9011959990612816,0.007128407561382565
0.278,-1.939183381276742,0.018518356646527546,0.9003663538431831,0.006497543856082048
0.279,-1.9460039265658002,0.01908274342050303,0.9026289664046434,0.0067371627040033865
0.28,-1.9440556038472863,0.0191814392338726,0.9011967597448437,0.006556198579472402
0.281,-1.944599371882624,0.020011999515110936,0.9011071416754131,0.006928322687799567
0.28200000000000003,-1.9420461419535342,0.01843811393357569,0.9001209046583601,0.0065097960035077305
0.28300000000000003,-1.9452114072077797,0.018662013975696855,0.9007245050737633,0.006523703426397412
0.28400000000000003,-1.9496631108419635,0.017937541318451922,0.9022383684037948,0.0063723889001748215
0.28500000000000003,-1.9519941502271783,0.02034309343466012,0.9026936588942659,0.007241465585537886
0.28600000000000003,-1.9544570061606774,0.018220893814975565,0.903173715049063,0.006419747517496451
0.28700000000000003,-1.9540111500874928,0.018904195050430738,0.9028970595597505,0.006821236952427404
0.28800000000000003,-1.955357453565069,0.019554138390261287,0.9026171635999564,0.007134003179397013
0.289,-1.9604591534218327,0.0197450183716027,0.9042622927284928,0.007111676214513927
0.29,-1.959678393098015,0.01883012630694802,0.9038201639427617,0.006526483459251164
0.291,-1.9586316394576981,0.019633018263253043,0.9028210441549674,0.007030547128335292
0.292,-1.9600160746460893,0.0190335368768881,0.9032888980740713,0.006862090928518116
0.293,-1.964188600568968,0.017399642674327462,0.9044339672449375,0.005794296345598924
0.294,-1.9647612367350713,0.018298137857408008,0.9044512499687933,0.006382643050226157
0.295,-1.9657392368289943,0.018615177498090562,0.9043769953393488,0.006474375861052001
0.296,-1.9680471100266348,0.018545482640237674,0.9048676536807682,0.006420554144057924
0.297,-1.965631746988245,0.01826310689744175,0.9034525707712839,0.006372844496277676
0.298,-1.9667379049139753,0.02029808817338492,0.9037380273353102,0.007235533095898649
0.299,-1.9677426179043411,0.018327844575179244,0.9039055809995655,0.006466870298011613
0.3,-1.9716512086654239,0.019673693245126727,0.9051135428358636,0.0068377922310479435
0.301,-1.9756735276403272,0.0180880264477542,0.9060084420481929,0.006139034840197523
0.302,-1.9750371731908638,0.018716049015210713,0.9055801163341647,0.006524502640713142
0.303,-1.9784869142331274,0.018877646731756886,0.906549150060477,0.006533453284095508
0.304,-1.9789793944210976,0.018871804698403136,0.9060872973120434,0.006525926402724036
0.305,-1.981274454682845,0.01893801030824122,0.9067637533945044,0.006754392374699596
0.306,-1.9808293570993327,0.017360977410867857,0.906286337275962,0.006115460437569772
0.307,-1.9832962696064376,0.01880170962259395,0.9069110227003172,0.006370730865286082
0.308,-1.9823342778487643,0.018125374764883555,0.9061964791425349,0.006361729276745683
0.309,-1.989553298705052,0.0192129422245201,0.908529025980367,0.006482133364962903
0.31,-1.9876110882824911,0.018183430245138864,0.9075524710159012,0.006239245585264064
0.311,-1.9869456246844004,0.018919077159279065,0.9066587720758607,0.006573631454900126
0.312,-1.991777269476341,0.019645642493861474,0.9084702540478914,0.006708102914745641
0.313,-1.9931255056038215,0.018162486717065735,0.9085211440500532,0.0061598928498020145
0.314,-1.9908724047942599,0.01814705744762729,0.9070348466699375,0.006179764442537396
0.315,-1.998435459200872,0.018193822600915472,0.9096237649367223,0.006309522383810028
0.316,-1.9968237810598466,0.018438385865207543,0.9087931588307026,0.006290920933061123
0.317,-2.0005704579197854,0.01980789050364582,0.9094808964425026,0.006937858807864052
0.318,-1.9964779194986184,0.018998415918362963,0.9079818365859565,0.006495567912057505
0.319,-1.9973609944919892,0.019159255006759947,0.9082200043104629,0.006535173999620887
0.32,-2.0013814781112274,0.020573565982204157,0.9091811163660574,0.006846333688416963
0.321,-2.003308215053541,0.019216924954382476,0.909387437432593,0.006593867101501185
0.322,-2.0021122367793645,0.019385144034694164,0.9086825367593127,0.006457464604138014
0.323,-2.0047376546699494,0.02062065481637392,0.9092668535280619,0.007154193487323284
0.324,-2.00710542787669,0.01807368060763406,0.9097118222920936,0.006029699127906434
0.325,-2.0080184956554605,0.01855536746085229,0.9099149432485641,0.00646738800177583
0.326,-2.0115460993695624,0.020817886367496395,0.9105404683245876,0.007192435319451225
0.327,-2.009419698933645,0.01856102076842379,0.9098222848414707,0.006168970612687706
0.328,-2.0127663044815995,0.01984472571521972,0.9106152425958862,0.006783771550518956
0.329,-2.015450245310102,0.01921271527354726,0.9111581514253214,0.006509189032878673
0.33,-2.012322065114355,0.018568741036208255,0.9095845568726172,0.006429743822610982
0.331,-2.0170373573949942,0.018037848692506922,0.9109453095581846,0.006015795409230449
0.332,-2.018820346701405,0.018466600383599836,0.9112262051805159,0.006013195790903777
0.333,-2.0218008198626496,0.01868071280430014,0.9123471896513435,0.0061737678372187675
0.334,-2.0193195889343807,0.018730536258010362,0.9107265055215366,0.006363941510930268
0.335,-2.025804343474438,0.018665896913387665,0.9130002003141489,0.006016154427326859
0.336,-2.022304709636347,0.019002288795583213,0.9113465896318569,0.006341247719963138
0.337,-2.0240640068655136,0.0180338143895362,0.9115560315064989,0.0061296962804148125
0.338,-2.0262411717868707,0.01817414278868007,0.9120027607597097,0.006067109178833273
0.339,-2.0247485008590766,0.017769501692775986,0.9110958592656565,0.005939989376624683
0.34,-2.024376944580849,0.020081400321417496,0.9105773550506877,0.006846356137356393
0.341,-2.0310502718581893,0.019647944277673697,0.9129447888364599,0.0066057481769431865
0.342,-2.0316050905398213,0.019079193842999723,0.9128811765394347,0.0064012509859295245
0.343,-2.0343094675224718,0.01793485380942248,0.9132596524292576,0.005931319042837944
0.34400000000000003,-2.033365858652802,0.018154498781331966,0.9125252254940696,0.0061650998884235884
0.34500000000000003,-2.038240972340739,0.016377423542143155,0.9140660936748011,0.005499425756245837
0.34600000000000003,-2.037362219787021,0.01783796286579806,0.9133057814284453,0.006012002364657204
0.34700000000000003,-2.039198138709544,0.01950541918320975,0.9137068214977376,0.006476809819079235
0.34800000000000003,-2.0412422587905414,0.01760465833583029,0.9142024406530209,0.005836218070633528
0.34900000000000003,-2.039220527282451,0.019761776389992675,0.9131133829409849,0.006620950587959724
0.35000000000000003,-2.0434302155269006,0.019944333297348873,0.9139816767455435,0.0066258424316958916
0.35100000000000003,-2.0460789393939884,0.018791206375057802,0.9148670534749918,0.006242062562206256
0.352,-2.042799847868591,0.017748774654690918,0.9133624726592314,0.005886919029295767
0.353,-2.0481244659729065,0.01819189841691248,0.9148813767131745,0.006019771700593808
0.354,-2.049737679049787,0.0187432270938006,0.9153271459369426,0.006150341334636333
0.355,-2.0522436176116146,0.01865256764504123,0.9157057810626189,0.0061106222453112605
0.356,-2.04989712830662,0.018273449868744285,0.9144310463092451,0.006299558993814594
0.357,-2.0533271288008517,0.01804133972417491,0.915236687428905,0.005893225309451035
0.358,-2.0532001408368834,0.017320806181365448,0.9149402287941643,0.005687394080917145
0.359,-2.0525984916717537,0.017302833090591704,0.9146624129637405,0.0055881114224842635
0.36,-2.0549169300698975,0.018558475066288736,0.9152377680268948,0.006020084557064014
0.361,-2.0606550222207223,0.017081388243115645,0.9167105821901189,0.005511290753879729
0.362,-2.0601583050355647,0.017150244127745396,0.9161015806448033,0.005577349415925137
0.363,-2.0611306468256236,0.017507539927951288,0.9162088420825568,0.005606140019675576
0.364,-2.0632324685666963,0.018056989361253946,0.9166191242341638,0.006044620099579814
0.365,-2.0629188219865195,0.01826260232043357,0.9162667337406347,0.0062151191768092294
0.366,-2.0689427620841396,0.01786674322206358,0.9178734546567135,0.005636923838208607
0.367,-2.064712351216009,0.019282009146991342,0.9161870376327844,0.006138732621434419
0.368,-2.066338311626711,0.01595509977135098,0.9166287659263344,0.005245275893323676
0.369,-2.0717781171915077,0.017902517335159143,0.9179642328645592,0.005669814729172631
0.37,-2.071240127790115,0.018668114794624456,0.9173344674766671,0.005997330035405713
0.371,-2.069704472434404,0.017680790725988788,0.9165547909224407,0.005977689929377679
0.372,-2.0722513086773393,0.015983502113945888,0.9172775760295988,0.0051280358097298695
0.373,-2.0748902162710983,0.016435412149978117,0.9177143830469928,0.005392212025285126
0.374,-2.0755288500765796,0.017692590609355418,0.9176454893778171,0.005595028433297496
0.375,-2.0764790219911506,0.017837359151499525,0.9177535909203248,0.0058522228403147195
0.376,-2.0810331947256455,0.017616508273066003,0.9187781151878187,0.00560752949409124
0.377,-2.081906579594346,0.016877182285353266,0.9188529308091691,0.005194173912468903
0.378,-2.0826276136555895,0.017924548485817125,0.9187760757169477,0.0057017028203975705
0.379,-2.0839587524190475,0.01700041233606238,0.9187887980356577,0.005499854394777091
0.38,-2.082957155777469,0.018237562691278488,0.9181870373040825,0.005961676803333696
0.381,-2.0854237665293525,0.01620091919039716,0.9190556917292615,0.005271772335893718
0.382,-2.086187257078033,0.018249374947205303,0.9187285058687725,0.0058520748511227665
0.383,-2.0868228526801245,0.018013267927699004,0.9186856171969867,0.0059174580301475
0.384,-2.0888465297391448,0.018057897049672905,0.9189532706202876,0.005830732663447814
0.385,-2.0943497231207413,0.01842368421442823,0.9204296458718967,0.0058425461729083306
0.386,-2.0911901786008293,0.017434066299469753,0.919172474696031,0.005623109948501768
0.387,-2.0938358402271273,0.017410719621655277,0.9196686935582192,0.005623584612275808
0.388,-2.095654794039023,0.017984478808098853,0.9200942587747553,0.005787928317425268
0.389,-2.09598457572412,0.016987582418935783,0.9200252854578446,0.005361725264494273
0.39,-2.0944380969566256,0.018802798502738485,0.9191803966290618,0.005855658743957425
0.391,-2.098980541252141,0.01784742213295335,0.9203291857903135,0.005780803010105778
0.392,-2.0985063006100977,0.017518875043802385,0.9199018608953838,0.0055028820903216995
0.393,-2.1036418345623624,0.017164257087611032,0.9212984994402598,0.005360103874484112
0.394,-2.1018511284635313,0.017005424565050394,0.9203013400002273,0.005372552185449366
0.395,-2.1048430484112415,0.016445155446890375,0.9208737744954043,0.005232416091411131
0.396,-2.10376603299557,0.019057845587473483,0.920498459380635,0.006094124795355234
0.397,-2.108559800663288,0.017242469989631953,0.9217434285592737,0.0054032757414319765
0.398,-2.109454059581753,0.016346942442704394,0.9214922583658807,0.005050085814499541
0.399,-2.1096185166064587,0.01657347270194269,0.9213384676871478,0.005361692837907119
0.4,-2.10908397595199,0.016942888091686,0.920928786160541,0.005377540379236833
0.401,-2.113107964620039,0.018185000768574405,0.9219012599774518,0.005746975833058036
0.402,-2.114431044463516,0.016633456035284898,0.9221229042070201,0.005111574839923141
0.403,-2.114704964756608,0.016963594639293027,0.9218110419268798,0.005295564458841493
0.404,-2.1172983690270617,0.017226353470314957,0.9224280854014545,0.005284935932635437
0.405,-2.1198948708790066,0.01762410673157725,0.9228733742110704,0.005434984125328178
0.406,-2.120882436498973,0.017726296119797258,0.9230108823531101,0.005510497332440556
0.40700000000000003,-2.120227945783325,0.016644841290790035,0.9227051809087327,0.0052625185132361306
0.40800000000000003,-2.120487479549285,0.017284532011418833,0.9220999798719395,0.005443706284862156
0.40900000000000003,-2.127425313782849,0.017771148307795578,0.9239727140164513,0.0055407708266710255
0.41000000000000003,-2.1221621320304407,0.017059565819459756,0.9219678735752109,0.005434925239696598
0.41100000000000003,-2.1285302591314315,0.018211729125840796,0.9239213843063298,0.0058011594507101595
0.41200000000000003,-2.1259683830114717,0.01803365273428441,0.9226114820136765,0.005755623454078026
0.41300000000000003,-2.1273543436447606,0.01667451912898084,0.9230512496971517,0.005134442908626302
0.41400000000000003,-2.131432686741053,0.01693106827354678,0.923972994047395,0.005170451685952631
0.41500000000000004,-2.1296152177632486,0.017707227622253238,0.923106701451794,0.005378843385177915
0.41600000000000004,-2.131125975570862,0.01788317416927133,0.923370994527618,0.005494952192740836
0.417,-2.1355112971103436,0.017969489064844878,0.9242545705147804,0.005610752717666555
0.418,-2.1363385581664978,0.018392854520517938,0.9243927180683597,0.005665543460979137
0.419,-2.1390696512410394,0.015579583902014651,0.9248980991862779,0.004894717207672753
0.42,-2.135938223516209,0.016742218601606917,0.9235391873649464,0.005248984776736349
0.421,-2.1386463267728315,0.017316362547307413,0.9242352868681265,0.005236211008358548
0.422,-2.14092700904454,0.01726549305685471,0.9245986389169504,0.005394279348527436
0.423,-2.1461240079646635,0.017471072407266235,0.9259434288133261,0.005465412527772733
0.424,-2.141981353567085,0.018184910278342518,0.9243669525507237,0.005726974589664621
0.425,-2.1467388997819095,0.017882518406902765,0.9255982794912369,0.00537112461395363
0.426,-2.144528615806169,0.016389945529677222,0.9247104614990953,0.0049609448326449045
0.427,-2.143613775531443,0.016287757104000412,0.9240417276818553,0.005005197431432854
0.428,-2.149611824725861,0.01736870327918227,0.925603760566967,0.005364478484184442
0.429,-2.1492879090725983,0.01692081119375147,0.9252050410964342,0.005266809690793527
0.43,-2.1527691821285093,0.017234939142103233,0.9260352068148653,0.005233706175058885
0.431,-2.154651265164379,0.017293606469213012,0.9264026804670474,0.005265814229389235
0.432,-2.1536101165545607,0.017469380695364856,0.9257818761766613,0.005340092455079758
0.433,-2.1526133558659057,0.01695851626517823,0.9250200036931787,0.005208470598267939
0.434,-2.1592225321628353,0.016793222012362476,0.9269317062670385,0.005181637105414325
0.435,-2.156982170674629,0.01748731681831901,0.9259016999818726,0.005332612914847979
0.436,-2.1606539025929576,0.016787040496089953,0.9269869173138254,0.0051495030264126045
0.437,-2.1581814920551707,0.016271440995182553,0.92566433227594,0.005003615331314534
0.438,-2.1648554759016987,0.017698455245527177,0.9273753146286797,0.005385239189150052
0.439,-2.158740465773132,0.01940712527670409,0.9253400282207358,0.005919982488824063
0.44,-2.163851304396698,0.016790311844707848,0.926609281349907,0.005007388548929047
0.441,-2.162964185444587,0.01657055331144138,0.9260238846866434,0.005167228270728359
0.442,-2.1676382271140353,0.01787954910056553,0.9273906783190554,0.005409988231340575
0.443,-2.168656219313397,0.0161864972311749,0.9271131426388084,0.004970626345262773
0.444,-2.170601031283756,0.017208475933558433,0.9275046609406186,0.005245262576942764
0.445,-2.1733252076917613,0.016035632816740888,0.9281210645267214,0.004927824774557231
0.446,-2.175309667923041,0.017581166825595757,0.9284105223640248,0.005374794571774436
0.447,-2.1742706544448387,0.01675059452301753,0.9278783758990071,0.005006001594815628
0.448,-2.176924844197355,0.016237801481067092,0.9283658729049773,0.004852435863418639
0.449,-2.1782943712613374,0.01659580329256111,0.9285035404259502,0.005047594414325765
0.45,-2.177757963415956,0.016842569669631526,0.9282034408881631,0.004990380498340238
0.451,-2.180765505098395,0.018087483421698684,0.9288056817000379,0.005446779853585139
0.452,-2.178307653403468,0.016541826737823236,0.9276196839189882,0.004936922579282009
0.453,-2.1797233894124557,0.016023131222395987,0.9277631123916319,0.004901873579525982
0.454,-2.1838609699154645,0.017586845606913898,0.9288544116747048,0.005349057999888148
0.455,-2.1821892805208227,0.017942410608538642,0.9279465490781109,0.005395798005102609
0.456,-2.1865222093033108,0.01655805194171474,0.9290416486550865,0.004907275447771637
0.457,-2.1896609296606027,0.016214180600572607,0.9296584119317912,0.0048808900017936994
0.458,-2.1858232813516745,0.01881011848557262,0.9283537506866417,0.005508788698003981
0.459,-2.1920789633543163,0.016856851119002897,0.9299104622088091,0.005060968593372905
0.46,-2.1942651486439715,0.017458766272938034,0.9302993799763027,0.005213100254468248
0.461,-2.19348945234222,0.01891802157141234,0.92978951823213,0.005623376587099502
0.462,-2.19436915132088,0.017431795978736498,0.9296852171981447,0.005145038410899461
0.463,-2.193266198834936,0.01674025522295443,0.9290893777152686,0.004946700235766549
0.464,-2.195887282791794,0.016068855374059776,0.9296777353903893,0.004768922017329488
0.465,-2.1950694867958425,0.015949415830948055,0.9292302862313491,0.00467145919029811
0.466,-2.1989342547292874,0.017262706567873494,0.9301355476616907,0.005141272185570588
0.467,-2.2010093732079548,0.016075974204103515,0.9305120226287155,0.004887590498369041
0.468,-2.2002698825726297,0.01794382827770792,0.9299512706677612,0.00526501129090575
0.46900000000000003,-2.2020013841730903,0.015583951110690664,0.9301713946867667,0.004561251709900574
0.47000000000000003,-2.2063884716983986,0.01695461160848929,0.9311744752443416,0.00502252859247664
0.47100000000000003,-2.203766274914834,0.016727773679829087,0.9301213446582024,0.005004811891655159
0.47200000000000003,-2.208525251641133,0.01710310829437708,0.931317543859457,0.004964138519859466
0.47300000000000003,-2.2091413765197805,0.017157685208276482,0.9310136828977695,0.005082300751033206
0.47400000000000003,-2.210690064724981,0.01688303287430206,0.9312370480668857,0.00509832519825163
0.47500000000000003,-2.213149218970381,0.017438340427887628,0.931777996512789,0.005170634063007657
0.47600000000000003,-2.2137830899366975,0.018131521793963955,0.9316362473434819,0.005383774563826465
0.47700000000000004,-2.2145656139570655,0.01580466966671705,0.9316905384827766,0.004672735264565807
0.47800000000000004,-2.217514694011266,0.016742696401561574,0.9323079820202932,0.004845331840456122
0.47900000000000004,-2.2144072431639494,0.017238653193267103,0.9310090025321653,0.005090341553269649
0.48,-2.216123703265815,0.01569810815292435,0.9312249251331514,0.00462294658490936
0.481,-2.2177920588065825,0.017266756853131737,0.9314583319739166,0.005083047119278678
0.482,-2.219145737402104,0.016597759471569704,0.9316166835585745,0.005007910535400543
0.483,-2.218329887863254,0.01713821253377121,0.9311736752138445,0.005074493218614038
0.484,-2.2222707726569575,0.015353317216443669,0.9319966398708628,0.004457527671798367
0.485,-2.2218107556218887,0.0165714857214831,0.9315371879412427,0.004886450219028911
0.486,-2.2249890692974716,0.016558763734705773,0.9323367482424975,0.004923303574321321
0.487,-2.226695330721494,0.017156464709178563,0.9325017410532239,0.005074533638158286
0.488,-2.226984400919948,0.015927050017809058,0.9324696946797502,0.004671454676715657
0.489,-2.229171980951137,0.017155393822143334,0.9327471900591972,0.004890242576569668
0.49,-2.2293536452728167,0.01764190591445096,0.9324816970807072,0.005213118552266265
0.491,-2.2300931691026467,0.0177583962382893,0.9324716947798396,0.005148918428161257
0.492,-2.23430125878844,0.015736091676344106,0.9333887585737057,0.004606824217621863
0.493,-2.232162779821208,0.01593773687384715,0.9324231253406672,0.004633756702886076
0.494,-2.232347465272092,0.017142329447147418,0.9322382086132688,0.005078177526222104
0.495,-2.235117500413535,0.016250236689554054,0.9329047812583757,0.004742096886049428
0.496,-2.2381010169051936,0.016786122200694018,0.9333749958504961,0.004875908789675865
0.497,-2.2393724370369985,0.0171034626576465,0.933455571541192,0.005032766589306444
0.498,-2.242298471233706,0.016352263471138218,0.9339394287291373,0.004645162949786256
0.499,-2.241632731539365,0.016576646530605078,0.9336943790349371,0.004863947677991293
